,ace_Arab,ace_Latn,ary_Arab,arz_Arab,bam_Latn,ban_Latn,ben_Beng,bho_Deva,bjn_Arab,bjn_Latn,bug_Latn,crh_Latn,dik_Latn,dzo_Tibt,fur_Latn,fuv_Latn,gug_Latn,hne_Deva,ita_Latn,kas_Arab,kas_Deva,knc_Arab,knc_Latn,lij_Latn,lim_Latn,lmo_Latn,ltg_Latn,mag_Deva,mni_Beng,mri_Latn,nqo_Nkoo,nus_Latn,pbt_Arab,prs_Arab,scn_Latn,shn_Mymr,spa_Latn,srd_Latn,szl_Latn,taq_Latn,taq_Tfng,vec_Latn,zgh_Tfng
ace_Arab,1.221813772912907,0.2320062604777723,0.31362193066590865,0.28952879567075585,0.25723410134499713,0.2179742909024085,0.02497349600416142,0.1383213889807066,1.2499459314934025,0.3228656667410766,0.24564061454904074,0.05522222365204224,0.44699490100377365,0.36513951152496166,0.1143143640535423,0.4333968804825948,0.22751278258101265,0.19579494749650356,0.18456452588905897,0.20394474852872665,0.574979553816998,0.16191517559867713,0.04583128592929495,0.3141808771249835,0.37501442701021614,0.142303805077212,0.3790317723961267,0.12077648761239622,0.11263783392959495,0.0979073551169005,0.13392048886548674,0.2671399460169492,0.23121875192895888,0.40053189420300533,0.33233992185806427,0.5174219517962778,0.17400409654597715,0.31047240008178173,0.19457570538464422,0.16805257834480974,0.34184945463401584,0.20809884416361207,0.0980749735325408
ace_Latn,0.37535726006287284,3.367263332191357,0.24599053211267413,0.2945733936887662,0.37732325289700874,1.6621333755996819,0.13675261219464632,0.2637376301206945,0.5821666393166888,1.7331304686993663,0.7977394253939072,0.3389797445738445,0.44484391976292686,0.07855126765707779,0.7703314418416143,0.8836807738193662,0.4012919184514097,0.4733811729084504,0.2078569560554798,0.12688465341120672,0.1657622208049597,0.09285206331613528,0.8256007991026415,0.6887172927693558,0.6400148208731545,0.21310996848669878,0.6857734852691476,0.36970297820434267,0.21009156899300163,0.5769159895813497,0.4525198535985913,0.3494377549294577,0.05401181313223764,0.2897007693575096,0.4134972289705535,0.6583353388397067,0.28167204148036495,0.7312342247658873,0.7720277401220378,0.375986608431545,0.1628955118361782,0.5545136620442129,0.44892993276984267
ary_Arab,0.30247091321357156,0.3691349629406658,1.8846766952805931,1.9423597899664344,0.20407421005175574,0.3987865365931446,0.032431289550136896,0.2017528135622023,0.22544320858633315,0.6898905599844303,0.31366951012013794,0.137127818517127,0.37376565853609783,0.31800462465649115,0.2943318125851351,0.42668524250212014,0.31531713442287096,0.22579558955013057,0.20418881472043343,0.24244845295540451,0.5504511269180977,0.1615151393540202,0.2504077127221131,0.2984405642522734,0.6657029964371856,0.22375957253745116,0.4863055504914483,0.13650146734302002,0.16018044837650444,0.2162053907849204,0.1392438192165567,0.16058067270580084,0.2519798348070054,0.5871978358182632,0.5032245084336553,0.7761630038970629,0.24176343630142003,0.5043867902838214,0.3928301777484432,0.14020524567669268,0.3076003700086791,0.28865168667370106,0.1974771017383914
arz_Arab,0.2840306368338347,0.29568938124105665,2.0020111394968265,2.365229615005604,0.1891743253189792,0.37542760733690744,0.038114875172972365,0.19996029962004755,0.1524923575807516,0.6036671937493231,0.19828033557803154,0.0911459819281687,0.4106892819413348,0.26550230754727205,0.3106995669622127,0.26434601638543653,0.27945812433256934,0.22060027978614577,0.22352696900564212,0.22100957998407636,0.5079837682304137,0.28731974949004374,0.19121941474360754,0.3469371937179031,0.5810375526792756,0.19148052068231036,0.5245770439032462,0.13001123969461928,0.14354396802414657,0.2083311041191552,0.1333999388110657,0.12948969293037543,0.16436074310026613,0.5124496376948503,0.45574592157825256,0.6845867235111571,0.17561251718485368,0.45453869261140717,0.3789137030852437,0.1331696396144483,0.30707966706264456,0.2842024700091709,0.17571065387011564
bam_Latn,0.39864413194189324,1.1876941993852153,0.2691357544179164,0.4169607699900028,0.9769331929895901,0.9114195191723166,0.05853995175062853,0.4805440573662195,0.38961091887604793,0.947071553268989,0.5474429928432649,0.4981234529024047,0.6815987815058764,0.12681038151075066,0.6008413059893023,0.97266723715581,0.6042080840236815,0.3729786197793336,0.3050410479337823,0.1930262188472044,0.26427952313986214,0.054176299009679046,1.0167050005132106,0.6876320277527044,0.8343471171969039,0.28335692541138663,0.5807263565257536,0.1825263418905257,0.2478696656645483,0.6738653842295479,0.26069514055098264,0.4777189983635966,0.08996536429738793,0.3484946836343766,0.6551550478306015,0.8337671044793726,0.2875619185486557,0.7173300925752851,1.0614076649793907,0.4801030095339039,0.3163012500998112,0.7554484445321547,0.4270169489623663
ban_Latn,0.44184940660852,2.2429610164248115,0.35534871996653655,0.34658732544015824,0.5168280953038832,3.446209887957585,0.12089521449279944,0.20534107949756253,0.6001955306045177,2.1797344695866863,0.8799208501411973,0.3358684865335866,0.4796992510367083,0.08357208477071523,0.9810350405118128,0.788546559390429,0.31905074698947494,0.5412722571930387,0.30285058754316546,0.1710211527601948,0.15307957296878144,0.08052658032097672,0.8903100958416857,0.7805726256457854,0.957645909077558,0.27811793063696416,0.806281744322527,0.44553848112662875,0.16004445220156496,0.7486189414118284,0.5151856426464478,0.3105918416727234,0.04331993734505469,0.3221880195406119,0.3386459860484882,0.6507946731850263,0.34745350769645583,0.7109072063421372,0.6553998661647629,0.42627117399650183,0.149540480878771,0.5461605903867672,0.608984453864975
ben_Beng,0.33281224154831707,0.4811099053572433,0.1222625503970769,0.3203086800955647,0.5129071050754762,0.4368232783176106,3.5542021921567155,0.25102786023426626,0.15140014804010826,0.49877978532134865,0.3695351908592939,0.13644655168268516,0.48600163453152395,0.3348040729463459,0.29134905517540377,0.6618501141199358,0.35829774249607205,0.26110725323775646,0.20135506020455632,0.3432086387114742,0.5057455084839166,0.09295005856523134,0.24688416527784288,0.4215093599181661,0.5244571390635634,0.2058568908264952,0.4844512491416849,0.21771936181879,1.0800241397759096,0.1946444306243255,0.07552505583992662,0.47507086967951007,0.27619130678702936,0.5618318650598461,0.5850681772431175,0.8433821286686783,0.26499630925510254,0.5575830001882787,0.35335454700500857,0.27882355819530646,0.29635682002442265,0.44777014858275144,0.23707051342351995
bho_Deva,0.3076696712879813,0.3507674640237683,0.14682028076445738,0.2558869669028792,0.3773949162510841,0.43359544618862295,0.03617345829917813,2.154551675928063,0.33394050993093766,0.530875360802356,0.3536319740510828,0.1045146890332786,0.45853382276545757,0.38816327373463794,0.2927292586071202,0.5531551794756774,0.3771390791356465,2.631380216399175,0.15411422338247757,0.3135342954641187,0.5810213030555155,0.12212296270232026,0.24131999094614123,0.4444513771953526,0.62718968460146,0.19587038700536985,0.45195495899176885,3.300379283080266,0.22083664643123044,0.23812150861716094,0.04861680625656476,0.4289644607933902,0.26655354598705366,0.5890654614391445,0.7302962804028861,0.8603095222112447,0.21257096275519988,0.49445915192401424,0.3417848714705948,0.27003469628559346,0.3305614960832143,0.4252840581470658,0.22665850998402035
bjn_Arab,0.7771051935267163,0.16354796693321413,0.3415522431321837,0.2585927895637961,0.2921628042547329,0.1895360866266082,0.03914547850780694,0.10965228898771974,1.3359227604730817,0.2906056172550632,0.2570560852952198,0.04709355815451156,0.358130403884812,0.33778252796349795,0.12284942384109448,0.3478123284751857,0.21788726025995012,0.20465290560986488,0.1458990412264951,0.18044739107701196,0.5030130493339005,0.20112452787210194,0.04356609014956813,0.30015188521828173,0.42986630942196213,0.16866999211252542,0.38214552570857996,0.10846079119673946,0.0976669025364003,0.12233190371198732,0.11043044935372205,0.189237505591469,0.1434805381337388,0.30879748683733377,0.3178068048469313,0.4092620050485688,0.16691792664773591,0.29010858107880694,0.2172536651635211,0.12747711423321825,0.28747825828909224,0.1343687865428328,0.09804660022152138
bjn_Latn,0.28227166427299777,2.4844138204304627,0.3188562276998561,0.4561793440393051,0.4754781617319198,2.2999422834638756,0.09740594876114395,0.20806312934386548,0.5082568720728766,4.044178405007419,0.9524592269643879,0.3798818854964942,0.5384379731618943,0.07587051531562479,0.8513910885345347,0.7790943482960861,0.42432869258498696,0.5013027757960259,0.3173626238218679,0.14471576232172256,0.2105709819751087,0.08441808150252247,0.9375996925371499,0.6688743767897279,0.8358868729382457,0.25743423339650756,0.7883671773502231,0.39735487828750093,0.1131094038617985,0.7759194103528959,0.4724678414131761,0.2510486633796264,0.0503132295792728,0.29244508698466165,0.38868823939059755,0.5889190113312743,0.4020384937833729,0.6728832481000516,0.6354537171119939,0.4024598473223866,0.15572980398842054,0.6202011028130189,0.633805977190338
bug_Latn,0.2592291325809938,1.9535484981710942,0.30729069304484213,0.3296131129708879,0.4912220516352977,1.8925084093467313,0.11322216108866451,0.2537614324789136,0.6615026834707904,1.9391207049515269,1.242018679605178,0.40970710555014517,0.3368733481615926,0.10019921294946371,0.9612288727277757,0.9679921105511836,0.5117806114713759,0.3996888828360318,0.34430468599050673,0.07288507979361589,0.19132107017887867,0.07471393307580854,0.9953097425827523,0.8341336486762843,0.9679320426557668,0.2090907110082884,0.719313400708626,0.3027108063532588,0.1294009599815083,0.616695339909879,0.49495119736894133,0.30070531328334493,0.0427850569691738,0.2559267555429859,0.3628386941125297,0.5940906793262708,0.33817844056264607,0.7697731332557474,0.8533638486492495,0.31577541912027557,0.12996227141537908,0.6744299801003009,0.5037418369045257
crh_Latn,0.3297774926627975,0.5749821622080797,0.3062757939431609,0.22920265951660088,0.28751248331477575,0.6639134659084452,0.06633422627457193,0.10777840846703159,0.5774376384751403,0.5826257463051719,0.4133603957538009,2.317130200967026,0.2859130781218799,0.11356991500782453,0.6688108050543737,0.43742990999478176,0.44941691071702017,0.3053709868783968,0.19135397004095106,0.12514487934460317,0.21435918929533715,0.07910418332324148,0.4611251945977254,0.5881263683140887,0.6079797033501523,0.23335820815146924,0.5592565921885222,0.21827113069771145,0.11968347243855901,0.20543423310446204,0.3865328618003268,0.207033149462021,0.05028768690724038,0.20719890356829773,0.3266471200973223,0.5575959571902313,0.1352226292035804,0.46985120698856186,0.6583526481345697,0.37457642980387523,0.21927129477330776,0.4088190495880384,0.4180287371507724
dik_Latn,0.33929435853090417,1.5647070328938781,0.27809293313067074,0.33030804757823795,0.6193310494484341,1.352806278263295,0.06717136478731403,0.5176737674030869,0.6186490861631405,1.372815361684781,0.6487225374785993,0.6089189965111615,2.1724783844337083,0.19756898739606782,0.9377492905438145,1.202099164478186,1.1113904042321543,0.4487260846421396,0.7204051239257088,0.2540746709118149,0.25614746517743636,0.06405324563974357,1.4610815490674172,1.0657717159115432,1.6068882939316256,0.47297785941522796,0.9472893631198975,0.33301922824552826,0.23242526397312077,1.071782556701691,0.26263181566275434,0.6553748879275172,0.10184672279703505,0.2868375535347717,0.9245705219021556,0.8829336408608859,0.5141594724144828,0.9940762294670605,1.2861439363306852,0.42762873980710775,0.17321206782119924,1.1245317684198832,0.5153689225536553
dzo_Tibt,0.0627202421094325,0.07407949903597413,0.068136482337942,0.2061325658036475,0.17189546445961484,0.2854342923568852,0.1570053327945772,0.2702732958033474,0.08346475323353178,0.23291057029031606,0.12787050364093122,0.04770597402206768,0.15547889461356088,0.7506053232114774,0.0718180711901425,0.2953048932645226,0.24489524266910295,0.15103832152255103,0.12323232650602996,0.15316246387102464,0.17675365132862195,0.011705189545447924,0.059354572785236565,0.019598395845399418,0.21322182155375902,0.043430890656251886,0.18798537909113114,0.09874110531458057,0.11474664471915509,0.0651387109661985,0.08554029117000203,0.04999662160182687,0.19030258063179573,0.22789316891968794,0.18098612912190973,0.18087933744823922,0.21422040717297638,0.1310428682329134,0.09794397462942203,0.04955122515594796,0.12352473259427382,0.06430822844910929,0.07171484574702688
fur_Latn,0.45975011939117677,0.9530503587873127,0.41141008954923114,0.40431485922504723,0.31667756477238207,0.9497125323685807,0.09812449957450371,0.332575452525116,0.5677348390091256,0.8380294915437503,0.6681000636374835,0.4623408369016186,0.3988989921895727,0.1262404912683767,6.181596659562748,0.9712039215076036,0.6084066291416772,0.5251830572215024,1.2967009767656792,0.25909362968986527,0.20710339636450129,0.07372127795671454,0.6274307281733545,1.8400716129684695,1.0653888649682481,1.2871010226889648,0.6648508807339586,0.4035666314678331,0.21545881719403762,0.5921338265529001,0.49791354001268073,0.4169558525534354,0.12453761461536213,0.3283648979803822,1.0195520693956803,0.7363412141317064,0.7800290901801937,1.3378043707899572,0.9218966307112596,0.2823142059198554,0.26237909817092475,1.5443150240032466,0.538205555877371
fuv_Latn,0.23595805633276812,1.406431101532773,0.3037524760350035,0.4238205548901866,0.5637227813135289,1.2424408961452753,0.12101410781216967,0.339385165984306,0.3211003709077335,1.367901949769475,0.6391611919520184,0.519007953385356,0.7438958963994691,0.1386317507485575,1.2162056196513837,1.3084640596504236,0.9380349877161609,0.4969875192072184,0.7361105566203994,0.22511005178682028,0.22394148508124553,0.06501209327217528,1.4686944465955145,1.1131734183099382,1.199974723814425,0.4834114182216949,1.0088437938570214,0.38755498899880025,0.2599554751005949,0.8942869687862577,0.4180906492574916,0.396234440980215,0.06552977797068596,0.3679987932541639,0.7420592618110733,0.7894021821785997,0.7869541697461264,0.9517198371099675,1.1247732581511798,0.44564655268895104,0.10803932239495045,1.1047832202119732,0.5709653353417267
gug_Latn,0.22471257346686666,0.9301700409902021,0.278433142437034,0.3152877105421152,0.3376014655429801,0.6627221220357947,0.08767308556259482,0.196327311400047,0.6454991427610763,0.6823705724943792,0.5099031830898194,0.4155127042886085,0.24268050853726034,0.09669657937171823,0.8089101112918531,0.8126395596765504,2.237148756483727,0.3336525606970683,0.4372091162842553,0.11515129273064661,0.2806845067225571,0.07986730156711754,0.6677651316859174,0.8614311200241326,0.7729600422021989,0.43040300146680693,0.6165822666482972,0.3866611373678052,0.17678036307110018,0.5270538605642847,0.4753788245375909,0.21459734244232528,0.060620080776141734,0.2331052978069977,0.4802075101206837,0.6265783141167296,0.7578345134126546,0.8887889389480489,0.902298192967988,0.3322467565999949,0.17837564148799093,0.773514458968584,0.46903237179133633
hne_Deva,0.2862400091139386,0.28821120682375145,0.07790957825222507,0.20683905610630396,0.295688588769197,0.288697028347545,0.05716196723548102,1.703751677365581,0.3438410062484918,0.4448288671386317,0.3352915954537107,0.07092039959372788,0.2189990091950901,0.29999337060786374,0.20392033244099217,0.5306657555790852,0.34482789553857135,4.196251423197034,0.19734633328142556,0.27391341351700693,0.6295448811564676,0.09582758337500785,0.17294452988149603,0.341084511957517,0.4073535607563183,0.15821980603797098,0.4285460773283492,3.6653576400939882,0.21047561617876065,0.188220889680286,0.042526934210678616,0.4224651436713344,0.33718784491502585,0.5796178181916066,0.5813353067949792,0.8264902433423033,0.16935849386639423,0.38643421393792343,0.22712750044815738,0.2522420868710476,0.1921767861961271,0.3686867973325705,0.24418341530808976
ita_Latn,0.48298436621343266,0.9210864240921282,0.4597750718416156,0.43233280583134104,0.2974711847138726,0.9541364586517678,0.10582349564364962,0.2643356331362794,0.6003360418350819,0.9095654444095083,0.5681387405450407,0.5040924032123448,0.5057539169785963,0.14405186906122838,1.9568328493085618,1.0407402664868997,0.8832397426406543,0.47658879563764844,4.2878119869098805,0.19695673525436194,0.24217129507719054,0.060558059893098655,0.9296628474408719,2.358429821778365,1.1490164262766842,1.3891491011810513,0.6316529295801881,0.37181182842073107,0.19205985228707262,0.6729321626993678,0.6840641619940274,0.3477027791857633,0.07133383754298298,0.34029113178783854,1.6757904375523527,0.8157166774499925,1.1005024190178172,1.7000412665489866,1.116853714265453,0.2548177166697448,0.2067150821800952,2.8733386395137988,0.5601799752043393
kas_Arab,0.09864645053500712,0.37540262091925203,0.16049723750750217,0.2640101822849738,0.2280936021680499,0.40377901854784537,0.03650921719247004,0.16535750369873198,0.3286291040285323,0.5689001376673066,0.309960448745385,0.11097322397041551,0.42928240901244624,0.20115580782932696,0.28249894600263564,0.6293087017361502,0.316261227724092,0.20594348943108054,0.2261520546999362,1.8678016771054886,0.3993872789954246,0.11605016988177548,0.21108725171955142,0.3060071804967234,0.5828559520905274,0.10499786664665278,0.4631837382433973,0.08732503915439462,0.17910626575130473,0.21173906432436046,0.11569409048164091,0.15815344206970702,0.2774704789249981,0.5855764481776785,0.5573255234440481,0.9070513976195577,0.13836461717971935,0.4659533938745727,0.2885508640089084,0.23405258990013494,0.2297290315595347,0.32889686029466025,0.20447314842004408
kas_Deva,0.22188205661093685,0.5495017084168371,0.14433341029178037,0.1932677862815341,0.5287188042346102,0.5477081167705886,0.0652607886605791,0.515934327420977,0.257579906259726,0.7226408846762393,0.5092347130194872,0.10587559747008844,0.8294751330300848,0.4060690485886873,0.39450870805475363,0.6081442864545125,0.5817449241880969,0.9153650973740445,0.4294305574647228,0.3457066686398588,0.7257771528582871,0.13845961810933355,0.47469809664360024,0.49171806681787444,1.0167291422122204,0.26594657212515205,0.5033936227750292,0.822203308526392,0.3801883692477909,0.5267394646131817,0.061844990220143774,0.4254353565874868,0.2662618304791084,0.5326455036258476,0.7395226717105202,1.6209451394530074,0.3394331191722173,0.6512169414704602,0.5095812071239423,0.44135378304030204,0.261675354861191,0.42336694241292927,0.297265488401289
knc_Arab,0.1484778087459536,0.43384867395290694,0.3631284065278471,0.33914820497813664,0.3628161872297,0.5626804578697415,0.04796138245140352,0.17600207960356884,0.08451162502063093,0.7590600002662241,0.3347602988824131,0.08473321732613315,0.5216218932831974,0.2874897392076244,0.3998579159620805,0.5367704125547145,0.37343859595608375,0.21645836952596356,0.2576977586515245,0.2697571128433764,0.4678569530568962,0.34116926724225105,0.33408586733270984,0.2934675784486048,0.7019978647764978,0.1157340362571668,0.506589383600807,0.09194947361628882,0.18377747919484438,0.28238486767888615,0.10993512011248192,0.24698112948908657,0.15756192851228185,0.23803402070513746,0.6125690893737473,1.1477924404608784,0.24684962936312996,0.6641257338248012,0.34889905028217955,0.21406406980380557,0.27089512091035073,0.38929660259426657,0.236239649232431
knc_Latn,0.21840315844946412,1.4816281090222188,0.34300011483172754,0.3751829542163759,0.6850640176993881,1.2017888865194357,0.06634817111179689,0.3567554589049,0.5441884087587632,1.4285077374424144,0.6855718609732915,0.6014840356986622,0.8279139488490889,0.15538380432325355,1.083060081626775,1.3477544359834064,1.0458846670703612,0.35115019324875907,0.5490322427796323,0.21235170645270443,0.2821593786048358,0.07021199714948041,2.498486404072109,1.0392780778134243,1.3755736191665353,0.47612401216263533,0.9426937894729277,0.11670676598680864,0.1606553291558711,0.9832661709705065,0.4026572703943692,0.46785579425731494,0.09917700433827788,0.295680969371808,0.7821518198065041,1.0513790492766664,0.5757979048949965,1.0910131876710234,1.2534412559339272,0.5630257698177482,0.3294359804185764,1.0981620143493833,0.5528323564025398
lij_Latn,0.41491128313324666,0.8304324690110637,0.31124643675918473,0.31530917522874,0.4090138875169353,0.7526204263942575,0.10566565586430197,0.2140100465079379,0.43403915836960505,0.9084365817304676,0.4693160718727329,0.4838195280646375,0.5017268953053616,0.10386831530759333,1.4865719668898751,0.847568272952111,0.7592643497734392,0.3853287181942772,1.469172394969814,0.24703941593404877,0.22488787229999152,0.06853432485284415,0.8451525807658631,5.816765235413285,0.9224233373233159,1.0502791012049657,0.5988220193409176,0.31377910595778447,0.0961008880727578,0.6434239686053039,0.6262221117409396,0.4093744337961297,0.105760286139874,0.27448586799755975,1.2953233372154738,0.8939783761796373,0.7269853808274095,1.370494344288114,1.0987600605989596,0.3240303954140619,0.20589076952498422,1.800435138949717,0.5216020380858833
lim_Latn,0.3342157745830692,1.0768253103633527,0.24402484520433101,0.3084429440412112,0.2696987234744203,0.9298943177135733,0.1532525232069378,0.30312569820555985,0.5184818578321987,1.0612322924013966,0.49873714704569705,0.4921766933827996,0.4439680867496456,0.08485280418971013,1.3337538737663224,0.885527724632628,0.5096863657294621,0.6498987751080206,0.8997069322069446,0.1346790336422166,0.23522608902611028,0.07768710765799312,0.8643889085381367,1.1914479717862236,4.61139990002347,0.4939718014555006,0.7644659143267536,0.3057676037236013,0.12766056078556182,0.560840051372096,0.5030675993121507,0.41297914055627255,0.11914991055745518,0.3758446668379645,0.648141531483516,1.0554597706124575,0.7591869687952322,1.2140484064299617,1.1873114514005878,0.3413583010824316,0.15192498085482573,1.1033903857146081,0.4342582520348275
lmo_Latn,0.3669011018806651,0.8519066560656634,0.24716702818293398,0.2952094366870743,0.3092519212469527,0.6959035585617237,0.11845460020197074,0.33373551808086876,0.3889679964972776,0.7865104484748539,0.5004563596478725,0.5461089706734813,0.36962177421967995,0.09705597579203118,1.5055427443329772,0.8277061131481583,0.5697678579580876,0.41482539405685886,1.1249864953413888,0.1978130098033367,0.2802738820711165,0.09531174208635781,0.6954983845892304,1.5540458974258895,0.9482380582693165,1.5684124988003014,0.596903506243345,0.24268507098917075,0.11646998528110743,0.42445811667250505,0.47188228959042067,0.5005553014897455,0.16100125359021547,0.329136508173559,1.0301965257760617,0.788689966628394,0.7933255311359027,1.3884366865666915,0.801713206089993,0.2919390062716866,0.21361927013499912,1.817260024896769,0.4465434303495453
ltg_Latn,0.4767842804107015,0.3120688101307879,0.2779794265763197,0.2905398895570085,0.18807293565969735,0.5315589572382762,0.1247206255838235,0.2054899010186473,0.6083896937148796,0.4026545450094349,0.1801814093046195,0.2251105007017984,0.06653800985766405,0.15725487199799126,0.4829906904343933,0.13216008103587937,0.19200102058438046,0.34353816855455044,0.12282104916316944,0.18284262176054375,0.19561754954235444,0.0837427329901786,0.18228341129069495,0.420035283025561,0.5655983178858759,0.09506600767914364,3.713030564054825,0.18284948072295867,0.14072689455846005,0.3515272379090202,0.39086351714345674,0.23356094781618955,0.052807863439920534,0.24235440222023402,0.18638286921304653,0.2397718131269671,0.13872792417095117,0.35789677176065915,0.48010944808169226,0.12600202909973376,0.3076124212396479,0.3756383375968296,0.3969841404363918
mag_Deva,0.18269736185209284,0.3692060121184796,0.18471355495404215,0.24155348246505778,0.33638389385949985,0.4161931811051063,0.05255926121693993,2.0005978347017335,0.3045467966391853,0.4352183262787567,0.38056372635926394,0.09708519255933065,0.39183079498705486,0.31928089271896976,0.26455925889788606,0.5807604164702561,0.3845981341923945,3.547301359364898,0.18701964004317967,0.29376812538626557,0.599030028492419,0.11959561575139427,0.16585544914616543,0.32499790656574623,0.5179675555013048,0.18149161678776532,0.47785224785358715,4.475726589282079,0.27624073800477594,0.19987411375330846,0.04267136218713362,0.373136806898658,0.3470349096730852,0.5557836411960073,0.6894630287218332,0.8617620815726077,0.23217758353571596,0.41507855503484253,0.2642633158472273,0.2745192980262797,0.29759179401263497,0.39578520831007513,0.21168112288231478
mni_Beng,0.27381396291958376,0.5737798442487324,0.12818311869663773,0.28379622704307017,0.5127323424362549,0.4773073366568492,0.41742982923498145,0.22900774377732994,0.20020075315914643,0.7406166177001176,0.4242868850112502,0.1561145500258883,0.6768840950517615,0.3387594093890797,0.3761090264077649,0.7368072570052867,0.4452349926894346,0.2655004945938473,0.40762516888166217,0.2507147543841896,0.49687902273276446,0.11175660688698377,0.32790491863398286,0.5317741913133526,0.7497059649984289,0.2599870385825413,0.39408049585262855,0.1715643294029616,2.0880072512749956,0.32847846020283095,0.04503457428348249,0.4777045274875113,0.29603613803769363,0.643136518120778,0.738457860725589,1.099643751870434,0.27258532694674364,0.5474151341197762,0.41923322118473993,0.34492481743212383,0.28927117836575644,0.6165452824099696,0.24744859383403767
mri_Latn,0.5414389387226898,0.7327479042825845,0.21608393118209596,0.2769563674705509,0.2748215846949189,0.6748284705440551,0.14852931743406422,0.23745525450750896,0.5252475704549885,0.9374304300417089,0.3643871351675163,0.1319367924901954,0.317335049908929,0.10238017412137507,0.731741924000508,0.3305653684014139,0.5249365178179205,0.37859385436109516,0.2107927674021869,0.07134555509881302,0.18217204502725826,0.05991249524168911,0.48267143435580695,0.5474605907929456,0.5819173671670946,0.15535191892151812,1.0250529484184983,0.26128747246685924,0.173469957576301,3.6446058958409226,0.44822454315357024,0.43220420589859654,0.07339994599099002,0.24315515292293438,0.17883928010373382,0.43421534236682324,0.14123250235187523,0.5613903254655472,0.16271089972417066,0.29425783658029536,0.1782474126877683,0.7148526642654047,0.3228150718257726
nqo_Nkoo,0.3511401095371685,0.10285283053585245,0.040547666562492764,0.21455901262261892,0.18022006162907783,0.2596418742993169,0.018376930822596834,0.07812534034032909,0.14755413046304058,0.32655928957545244,0.20136941089576782,0.03363128839285666,0.15684420117577413,0.16601089866271856,0.08830998011774141,0.3438045605252649,0.22476001254320352,0.17674546032255273,0.1018791238457689,0.15014431539597167,0.4795562737881294,0.10426241953234816,0.06275011059322545,0.1648885020932746,0.2906251387435654,0.05728871230927015,0.3252541888017788,0.09192718895899236,0.07817070956375073,0.2154850265541211,1.3544813485284366,0.25800072821765735,0.2059271171253274,0.44550474009720725,0.3644310002899538,0.5132601039149871,0.06560356539090677,0.26978507501254456,0.10705546918649507,0.18154298217170992,0.27861887670621804,0.0924328528062436,0.1442619360783464
nus_Latn,0.2908581146266806,0.6278871026783018,0.163354370867147,0.28943017763739365,0.405572036739721,0.5248989839319566,0.06432176251943716,0.2521204455208901,0.23944898940516796,0.4455286518412826,0.37842344937776856,0.16389600592806053,0.7708206855105356,0.15914545278890235,0.27516899670156414,0.686899539407614,0.426870143383283,0.1800650624708361,0.2379579100428508,0.13506519624379354,0.3366597055068935,0.08832802191881384,0.650848195590869,0.21323172935506732,0.6024203157303794,0.18118344232544656,0.538811734037428,0.11149638759476185,0.21132874947751878,0.34341834200578014,0.1486982554035208,0.9387394985818494,0.11016869940670297,0.2323368867323693,0.38223661649169355,0.4522558057115562,0.1466046658194672,0.5231168923064016,0.48979728940322237,0.336598302578591,0.3026893908217009,0.44202822693449545,0.33847592677041494
pbt_Arab,0.20991474381850925,0.5300294909912575,0.1928181904619811,0.2702353409823927,0.3362125514856194,0.39550382332172634,0.0358096045430611,0.16254553034652552,0.40161291720466097,0.6243473809637412,0.42255473700851365,0.09106986747245377,0.5215450263955677,0.20864575296735766,0.28490179270075405,0.634571909870788,0.4302137785149023,0.20560613067090802,0.22968252197502384,0.36733151853653156,0.47198637605519617,0.08971562767595322,0.35581164262213955,0.3902860600460217,0.7754019943348472,0.20896421179252947,0.47696681725894985,0.11054857584403097,0.1573709461329022,0.4326195711531582,0.11821513315471235,0.27641071150554947,1.7015891130461256,1.057625823739741,0.4995405429360691,1.117763182213326,0.27848510970383367,0.5433001171051363,0.40973171075329434,0.2913670379720824,0.2311111342409475,0.5220967342885006,0.22911720915792674
prs_Arab,0.17426250450172237,0.38640544741502525,0.3321303129926799,0.45867070191371334,0.35778399361291463,0.4068821355762148,0.02828408551660441,0.12135421442626126,0.29572843101326424,0.5477954196228029,0.3646543317829712,0.11352126664475098,0.4623516415988369,0.26250372507159947,0.2335663106025878,0.48961430157948055,0.33054916703857357,0.14899280139911403,0.2251032380205896,0.676903073267311,0.4684537556414287,0.1261620886105983,0.20876067458530023,0.375245544410345,0.6461211303290935,0.16363625821465752,0.5157063756172021,0.1372939861835753,0.15329310091333934,0.31085511483976425,0.15602893781814117,0.235406505472088,0.8179305458730189,4.438728400419421,0.5435488045397607,0.8920567374370979,0.17345778305514004,0.47071415644356823,0.377590671443705,0.22781717972909024,0.25520051491380275,0.37836764562705105,0.1968173543980374
scn_Latn,0.3124699612889504,0.8038152855455211,0.34926877406068363,0.2999560446858668,0.3346203239112251,0.7551307157036246,0.08637796316467773,0.2563353308494927,0.448794069837792,0.6457182591133774,0.5296771618950011,0.36648110839726217,0.30668463637842286,0.10028492957205572,1.2902218092921094,0.7406315826101534,0.6105371705439618,0.4024323867211739,1.1336615045335159,0.1652851408151565,0.28487467358012264,0.05966375036151551,0.6768181437118511,1.617131487516115,0.7600752562816661,0.9135784088029663,0.5912860658250827,0.2911672921753446,0.10569299004573222,0.5814778333863859,0.568752617808302,0.3198244103105129,0.05748524116310969,0.355917160076052,3.0639406731472483,0.7317215201002609,0.32612479731312455,1.4680458928416937,0.9953446258468386,0.29073407265648576,0.25811315947455804,1.3489839756773505,0.4027765277738609
shn_Mymr,0.245068268577907,1.4224915045916462,0.31227041055763793,0.3472377308333934,0.7575341102383278,1.6117825550557985,0.12695038869119504,0.4573691521407705,0.1679097592633977,2.149952746703431,0.7260123502331891,0.5125161530060313,1.4735138630677937,0.3814521434876321,1.4298405623210162,1.171086810178769,1.17634009539875,0.28836233501213837,1.3464939955788615,0.5640793876213032,0.5540868122598014,0.04818953164234846,1.4203759208232494,1.3932503689423084,2.2291163806717895,0.8065598055268686,1.0053067151927484,0.22588309445550053,0.44387140369893563,1.5830471016595504,0.1984753040350381,0.49926432067367776,0.27678253274104253,0.867912014847384,1.21165081675797,2.9475882923947063,1.3063482910129662,1.7621007043888168,1.4121947709062073,0.6245845237010663,0.24847262943460927,1.3550863202388306,0.4244129107422518
spa_Latn,0.36986640114452435,0.821487506034051,0.48608576789107305,0.34911599019386175,0.3579860501810877,0.8845616543639329,0.16147042539790804,0.22782002741914759,0.3754583761161089,0.7657056341371767,0.5304338927039768,0.43582455796014574,0.4359365473757505,0.08865629998343193,1.1472378248104194,0.8174810425827027,1.6538965216724373,0.6108078590955758,1.16923820397032,0.12063574748103213,0.21301605716810473,0.13055863046300686,0.6814147961324212,1.1920448907074037,1.148184497643424,0.8570793833349177,0.5381442110746277,0.39543543869255576,0.1551704320008822,0.5725104272748299,0.5372122114821515,0.26361595842002444,0.07721807537947414,0.3395491925846112,0.669424170366884,0.8045876944827632,4.780493141507698,1.4353640683607838,0.9346063059260333,0.30060234762467364,0.3185536907346826,1.5638644773965236,0.6459305563510144
srd_Latn,0.38815515267582945,0.9686666533321342,0.3820061259976764,0.42973601107113385,0.4667363480905187,1.0684641026647914,0.13788735391297488,0.3062211307871372,0.5567645589041379,0.8760068541907985,0.6101129418073569,0.47470783410735873,0.5258696904050083,0.10134465994528721,1.6866121018703892,1.079872850065818,0.8819304931232423,0.4120740441955895,1.5382704413297976,0.23789450248918997,0.31527829748648084,0.060558653636992706,0.9127437790387599,1.6832408433490238,1.202924549476696,1.1337746690178272,0.6975981139883441,0.35811736343623385,0.0994344055167966,0.789927069488379,0.6247675065603794,0.3222987417702247,0.16513134232469115,0.34341078985698453,1.1596747782335761,0.9578399261245314,1.2066692389502458,5.04316792297109,1.0424895662924205,0.3698269590054591,0.28039442123289754,1.760562554719574,0.6842091410270259
szl_Latn,0.3203735095663443,0.4301193055498627,0.3137525906672655,0.36699305721791026,0.2939623894878615,0.6457966384468361,0.12728867822319972,0.22681330832932123,0.5676216482118563,0.5185121745760741,0.3186902004281772,0.3316665283843079,0.23465317834336177,0.13209241515610243,0.53294109001966,0.33776709520178433,0.4419196651639813,0.2963833824014359,0.18304979697421903,0.1944255815186574,0.16133724690728848,0.07605263258342948,0.3719718471669763,0.538974297012673,0.7194786367911651,0.3073166498354631,0.6164413937037053,0.11881507761648735,0.16785510691625438,0.31459586903075093,0.3602342124979735,0.1455645837026821,0.04553218494114172,0.23828111518338632,0.24396049190602942,0.6349384515043246,0.15665093211428732,0.45301135636101425,4.717697885255023,0.3079397377149377,0.17755062310501687,0.37002987676521215,0.4148118259529653
taq_Latn,0.3098746297551747,1.1165051960263797,0.24079544906912126,0.32921697812979667,0.5591196712969561,1.1246357607717672,0.0801716989260644,0.3463929914040004,0.45023333560159656,1.3022501564507345,0.49329668495118745,0.5432821079108973,0.5649334918205652,0.16908399714349406,0.919231320986932,1.169167547820982,0.8588606009060028,0.2872146710224475,0.4461833247394847,0.23872177341978476,0.2732033374140047,0.06527763684230421,1.134178147459517,1.0377770454171307,1.043121377199979,0.49927118534695836,0.6437457887030983,0.1605839259965959,0.18877243783446962,0.6270924073513175,0.33941693288148667,0.41270332982814895,0.08060567249225631,0.31943969053460064,0.718448077472063,1.0229108806981309,0.47306548741667614,1.0560674321302113,1.030125224580291,0.7104260837811193,0.30850012357399204,0.9224232382711335,0.48806021398124866
taq_Tfng,0.19126101983787266,0.16166707410890369,0.0707965466868322,0.19346875087970816,0.28073128762183464,0.2595448265381389,0.04143697467835809,0.12531009770926607,0.34584665783183,0.3596068961931162,0.33879367078307376,0.08806033620277363,0.14483255425309463,0.39839564981397707,0.12533894841318008,0.3145529214557839,0.17877140031183605,0.24333976353679182,0.1496148714636797,0.2296187824559939,0.3476827184386136,0.08891753613346429,0.22683390234592332,0.15834589572528435,0.18419788436666956,0.1884837084072164,0.3740635369328496,0.20701102356916853,0.10854498419643263,0.18819298323302278,0.05767085983695252,0.2638900398286504,0.20035539216714707,0.417558384941596,0.32180051508543345,0.5168670239264799,0.12568395343014516,0.1790278504922756,0.2161252041028718,0.13150094336399182,0.315699299465635,0.22489688399632118,0.33514706375322817
vec_Latn,0.3537778286817105,1.0645730916059366,0.27835812663978493,0.28128238181566795,0.3901260028683169,0.9405121138141788,0.10257383708093196,0.31081995940881624,0.4311649301837046,0.9804715847371761,0.6494306138921578,0.54639578769556,0.5966253134238221,0.09958312079513083,1.5642098301679381,1.0274391202301227,0.8047952748486815,0.43356257100233814,2.091437192392206,0.2875117374037026,0.32763049214931866,0.05763092636145346,0.8960365605168702,2.017008335801689,0.9531589300294121,1.4689437011651068,0.8478166421786201,0.20366303827439175,0.16017040198178015,0.5995091011418752,0.46119356377173765,0.4288573815476866,0.11019539043478473,0.3621076949939669,1.4925070789859287,0.9178680369295951,0.783885605812042,1.712366025984876,1.2535719626364397,0.38838944208329773,0.3421262121221054,5.043913385825781,0.4678541235780544
zgh_Tfng,0.20607323027960506,0.4236588487859073,0.0995259987168066,0.2869675865537174,0.4572687121380002,0.4227518350400935,0.06286865761946958,0.1990506871630996,0.29484228243702315,0.47420882463325853,0.43086310302559205,0.12153441673748913,0.41812567866757916,0.41535316756943863,0.3101367037224612,0.5704608441133366,0.3636070032622288,0.23363435169515678,0.27838696348885167,0.2957643070734111,0.4551770895122599,0.13232450244702498,0.32109594953482096,0.4553356994804669,0.6556072974251549,0.26980142310652794,0.534994104794114,0.12313811187423543,0.21276358874898066,0.21032623434541328,0.02532668240729334,0.4513766322248515,0.3321711943071077,0.6166103270132105,0.6757309342533112,0.864624288857091,0.2601192345045391,0.5784743506959116,0.3260687225553392,0.2663636359262745,0.48828364763960097,0.5229049088522926,1.3757786200856008
