,bem,cwe,dig,dug,gog,gwr,heh,ilb,jmc,kck,kdc,kde,kik,kin,kki,ksb,kuj,lai,lam,leh,lgm,loz,lsm,lug,mgh,mgr,myx,ndc,nde,ndj,ngp,nim,nnb,nnq,nse,nso,nuj,nya,nyf,nyn,nyo,nyy,old,pkb,poy,rim,rub,ruf,run,seh,sna,sot,ssw,suk,swh,sxb,tap,thk,tke,tlj,toi,tsn,tso,tum,ven,vid,vun,wmw,xho,xog,yao,ziw,zul
bem,15.148122059124686,9.430968559886553,12.123818135815679,10.938861594634531,11.649312955273427,8.043060682275126,8.42605711549158,10.44259350271281,13.404882470210417,10.514504053394425,10.475626170175435,11.4258777310481,10.57440670105348,12.260111772088182,10.409758988609564,11.427768580896918,9.589833091357223,9.49575900209726,11.441122711009118,10.506599037455395,13.003386929670652,12.177814814077067,9.444296346549704,10.98216648444889,10.95497976657111,12.336399830274017,11.832020635121959,11.599425916130713,11.713017737053368,10.076968297142143,10.43962306038188,9.880026260649464,8.833004061867301,11.863859530656047,9.001582954256786,11.883470450483294,7.748877687976035,11.771412084998648,10.285772115450204,9.315972621943146,11.705714419355216,11.811462360878009,10.0492386269337,10.781916074729171,12.336839242880467,9.956686859321124,9.727808439877428,10.611314239390254,10.713180943944346,10.848683353186935,11.021712010438845,11.181649131040354,8.712304195206109,12.48809859220327,10.046697487358319,9.940652574275772,12.529986740175481,9.892567443450554,9.504505020005663,11.510895586587596,10.42634047240361,8.30119502507187,10.066681097658089,10.97353194324591,9.291607975456389,11.546061585545392,11.552263002211575,9.858757843146833,9.922440093455949,11.046182048173547,10.294081012831697,10.363285375563432,11.444713657715223
cwe,11.427043635158528,15.127505325097154,11.544544534645686,11.128858471980951,13.34982509160011,6.916349620359674,9.923423740758487,9.57669503854849,12.490939203247743,10.22253509267658,14.691493729728714,11.848716870040196,10.666627533398259,10.390854606283106,12.752707340803543,12.485425712860444,9.778206166341807,8.699013560141484,12.49182232293718,7.80444105685689,10.23920598527628,10.755357865023075,9.747553092534229,10.913291975840627,11.460214700257142,12.063020109848585,9.300354119296586,11.191956419589829,10.248824172690066,11.012735728655239,12.352614777936749,10.651682374264357,7.41532839891547,11.111666607833982,10.802937521488918,11.536499231867452,7.069370798165499,12.576352039178149,11.434114409797282,9.003654461860398,11.636546584409343,9.849085636996657,10.883037115560954,11.784843637712312,11.89376381550584,8.870202807838053,9.573749969372138,12.01363590160785,10.288233241511865,11.147797488823803,9.45654348759957,9.337469401943682,9.779764291224192,11.91123904412991,10.68410067457254,10.72412497431545,11.302372783974315,9.640664695767025,9.456097994563956,10.707593513308392,7.848962197218013,8.178462690688038,9.215664277889992,11.583954420469368,8.713245261129234,13.137570589875786,12.53331397175644,11.857044457848636,9.256398069399577,9.615666034434941,10.52096248790976,12.829192273239551,10.773770597828937
dig,11.427700807637832,10.37024165415102,14.42143758238901,12.415793638494737,10.916642370909303,8.21550811374482,8.246129414334764,9.545772956536375,12.236979076698246,11.153428809345263,11.267256173785777,11.799891900405193,10.559547693244756,10.697654350930911,9.929685608694635,10.374180602309666,9.651985179715115,7.294512090854324,11.216796514036185,7.8412650374331285,10.854957176276047,11.808283656588143,9.731773369521159,11.008940931507674,10.735906636268647,11.88853867542368,9.606744600326444,11.67239488433111,10.278406719417491,8.78080891637405,10.814871115400146,11.438248661997319,8.191444516502768,11.479701852578563,9.275622087782953,12.391688516786283,6.845756571874088,11.862683711075043,12.872695383629729,8.424861550575201,11.313312415082999,9.580590522055504,10.49325365106952,11.803978957141018,11.223090784937188,9.418753892510402,9.463038918158947,10.295907402882513,8.785458048059617,11.136725493131863,10.676986814653343,10.83573439768877,10.116644120969623,11.326316025985694,11.509810924325834,10.119359510580914,11.473465866286258,10.845718270251513,8.016351528853976,10.584213425491042,8.22100444860457,8.636074265404858,7.908813897589795,10.691827309751355,8.492706242054844,10.81246445281165,12.720526524224402,11.423506601895857,9.06370869234135,9.829055606968588,9.103758559306598,11.037292073322911,9.197853314397749
dug,11.765834834134985,10.513805227082255,13.566670691375682,14.12157441893116,12.656538114707258,8.353977535717371,8.028053007122667,8.784265253526655,12.393331761495125,11.225944191135271,11.447262458184182,11.554375901316199,10.50439746508229,10.891145154897632,10.014004131329317,11.396388290179376,10.75751070440429,6.961645489399208,10.835566767567242,7.510339229553888,11.806635665381373,11.99220909056296,10.054273012399857,11.72216590079587,11.743499895708215,11.515311536220075,9.565939441900664,12.777915189787533,10.571363698101326,7.60558695710043,9.74690917046321,12.111043725647358,8.12585786214764,11.753358441979282,10.495852679187047,11.967334584608775,6.4319203211460545,11.469426026371288,13.322371607457766,8.526486532780376,10.32757304227991,9.593010387482206,9.760371186396762,11.428055519024616,11.258115987269617,10.143860287582433,9.335217398034123,9.636852013818373,8.833831170518827,11.895355918667715,10.27712702560411,10.026522723121472,10.504909101958672,11.66485809634006,10.740080879220715,9.964987039146164,11.674088348456397,9.44692551684827,8.023745610610826,10.25517713893984,8.692741196083453,8.108757243146488,8.546149245930447,10.626990324369064,8.370752223325875,10.542026634862692,12.94397912572694,11.352885442094248,8.827312241500493,9.36173252677013,9.496892041390339,11.648906666886374,7.881899081924769
gog,11.355199013215106,11.59438959407122,11.983300287545854,10.799952258991045,18.075396955820075,8.04428062129465,10.071189888148186,10.349991029314596,10.836965950351514,10.337455384286962,12.861977991208159,11.717585073707957,10.078864120738983,11.252931574673255,12.433453207120131,13.159709579342369,10.107353111146848,8.266513507391817,12.177929476349874,8.286779007832036,11.66621145586063,11.092760763787478,9.938568065608619,11.628630725923779,10.905600303412786,11.888938062206966,10.365617786632365,11.320773965327488,11.22973424397371,9.374810186606988,12.527385864194207,11.134708022169232,7.574173637495087,11.02401386035953,10.350476549896676,11.897589607703662,7.5946460383102234,12.402027441499856,11.47702905001296,8.141613886311717,11.041144208943345,10.582407104212727,11.132818720729281,11.664771415982973,11.640777257953543,8.729765531285755,9.91507136264732,10.746189664011562,9.143820148514774,11.793872436762404,10.064396401537845,10.18626078376821,9.245755539000397,12.375228581704286,10.25846944963053,10.261503346558367,11.588597571279896,9.949146937846272,9.623258178402425,10.492084540444326,8.113558952028372,8.035466066093989,8.046034274062395,11.538936574937177,8.370643768774352,12.435610657418247,12.68364802771022,10.71411406644197,10.331313947521576,9.938509070648891,10.980203006693266,10.952315725488198,10.294018200141261
gwr,11.640172032356059,9.298123915868002,11.684305962805404,10.087772780522311,12.012666622775034,11.780270284252769,6.80092533700995,9.657349317717937,11.871195550911485,10.636709690828146,10.34928182209221,10.445606572257677,9.978616226257378,12.384398701132653,8.850050115224663,10.252488258395584,11.45886111694777,6.408964119794704,8.860908419664234,8.57885537740764,12.6132856710083,12.457728177710454,10.62824681646206,12.69896842939654,10.732906664800627,11.310682994863233,10.999072999850197,12.874437442856093,12.4759353738134,7.213498219612917,9.520146036358069,11.694964270394372,10.358883642180576,11.892368509424514,9.441883698140463,11.62089985393825,7.9764263096706,11.618539148542787,11.576229808008685,10.350468033139668,11.962653126926263,10.31348593991958,9.20174774342979,9.990329458223068,11.697580357012226,10.242211632166162,9.288128486005643,9.17850785037315,10.398854010580234,10.741542843503943,11.305262156706569,8.985890871344976,11.522074627676332,9.998004390616106,8.412055492336917,10.045324351205872,11.397952736192824,10.016931960149114,9.748971486491733,10.851566009293547,10.509141929085208,9.406925850883185,7.654869572872558,10.649790287271449,10.337079291593195,9.191086675833006,12.90054103923425,10.977555658286972,11.266720810649849,13.111437789469244,9.65216418080691,11.671376418244439,8.772440980400246
heh,11.212200175964366,9.536019150596124,12.207030481511854,9.895817755840978,12.297555985107914,8.663102162659875,14.076193882304535,10.499908833431538,13.308940799598806,9.699623592996453,11.312123278804549,12.584043451722533,10.099698449011202,11.156634800117677,10.468359970053685,11.395843368234528,9.109697805537408,8.942655300488745,11.287373813910216,8.461556282297911,12.213504117261454,11.265989305526638,9.423387076243793,11.320082624491073,10.624916758353661,12.277257299621839,10.999203185177109,11.420898647542108,9.72569870473676,10.435861391355944,11.536324759384708,10.773307066599697,8.345189330323183,11.78653319993884,9.580293149311194,10.196833264762327,7.8999100691799775,11.633700650744295,10.843517028412842,8.331605883411038,12.158288316965624,10.20572041038703,9.87931536523757,9.880443054911652,12.223960746017699,11.267706723207613,9.787323095086737,10.377300096620298,10.065173581849491,9.66923210632186,8.927297954977968,10.733428823361198,9.697194511104604,11.456389886491078,9.024258484363822,10.226653810185391,11.659372668585723,8.952348609054273,10.646612063017006,10.969987402249824,6.919807986515994,7.4792647048518015,10.4302949926212,10.317833242150765,8.637339480288379,11.347728624959782,10.815531748330768,11.073305756726644,9.918184720649768,8.807924097062077,10.14137864779823,11.048031343628532,8.816596396543948
ilb,11.669223036648743,9.485304515992686,11.64954090632681,10.173259526974633,11.740043650281267,9.297510677801885,8.154140528782264,15.24419353595812,12.341183389682362,11.232027675784733,11.804617350057029,11.206705258918584,10.441985504096419,11.71029746751028,10.070180365962118,11.824867102894606,10.778391558738038,9.362578153200793,11.49375716412058,10.697610373522972,11.876604945223306,12.168405734738846,10.215939509370662,11.010487962759049,9.86574775597342,11.592508569074957,10.245370725611384,11.701470996017585,11.655667903366568,8.67635756983943,10.666489307001132,10.15022907327582,9.097343906848414,12.468090416801912,10.268979808604755,11.719567029170452,7.096045900186526,11.044075958530136,10.18703159934307,10.083112559125135,11.655027084783573,10.481158200818376,9.627249519672391,10.021980647330476,11.602898962983224,8.990192019125084,10.366447452133205,9.627085770669856,9.346791737086315,10.570037124352709,10.55973490379143,9.809559556411934,9.231858806206535,11.666328167396893,10.208143729355754,10.139759074663171,11.769995399716231,9.608425828289185,10.933959217946086,10.947799272766517,12.684574684753905,8.72197797379442,8.846507365780019,10.069332780542243,8.756219805561505,10.965176801593088,11.991684623766103,10.05250081928249,9.598949516935603,10.236765734265344,10.016391908192128,9.129795012904221,11.471567400620868
jmc,11.013778882413137,8.84890501305335,11.522640186340476,11.686006472999146,10.879644663092405,7.634753412156924,9.899503917827278,9.268412613831174,18.484876115428776,10.237639263120537,9.630082752073154,12.287143089250604,10.245328271732046,11.143635912952291,10.23284939055824,11.10055621357577,9.479083726334848,7.749086175756581,10.31866384483114,8.467059183721686,12.226749432667384,10.978949705425011,9.403483682065783,12.034710520905291,10.192914696840802,11.186443982685386,10.604280239431013,11.245514234671738,9.806922884701699,10.966723497949667,11.423258002417798,10.191266658716117,8.650594282463915,11.454201650999233,10.247501481020544,11.791065636433249,6.97292153442287,11.724554688317257,11.566390860196309,9.213408492701786,12.250752137084078,10.094713227034054,11.890313092771857,10.951049576680331,11.630986925977577,10.236845844899435,9.742944618792125,9.165109499526036,10.273168338872978,9.869087160985071,10.312912660394563,10.143912603461928,10.102067082715626,11.066991694598416,10.34248129611082,9.280828806615386,11.560233817106406,9.366587919716201,8.865289304043888,11.025660487620215,8.866622050444827,7.635493238048576,9.65977173642333,11.134504147684824,8.727361472954913,9.576649973298009,13.62243286358603,10.558722209035547,7.880609051555752,9.35603455513236,10.187679512216377,8.747177054774511,9.619277715198429
kck,11.07119096564387,9.357715834982463,11.741850866020275,10.825416119601265,11.641710598321325,8.713724451621232,7.187475252110452,12.033779498343039,12.222886625323612,14.910856687594103,11.05190484887966,11.027773797834355,9.207108090326164,12.11822741009438,10.098468323280608,9.974640895960654,9.778347252320916,8.34591813999878,11.365326151796923,9.274061327228459,11.69542821564237,12.04541902108334,10.129846434230535,11.18397985508957,9.90363877497417,11.060692378319432,10.669084773759355,12.511152647801483,12.144003018507872,8.64658953536003,10.175434638915016,10.16670038318476,8.774833573144122,11.88881344905673,10.16492086812921,12.731936465667987,7.753298801514719,11.910249610513569,10.48306638022073,9.093805726679516,11.55114033570647,11.266203412857557,10.111443078752814,10.728883106456399,10.386649815576714,8.828927407961523,10.153419438957528,9.46945160958537,9.378186105204767,11.477034060895813,12.587245469970195,10.50906640534055,10.412617108408446,11.234597963148715,10.324794932765448,9.82093580196084,11.687154910858077,9.696855633762056,9.467336151719378,10.729378329563048,11.048404453562298,9.436652658403478,7.2941334817120005,10.698688339550774,8.336462202853223,9.961360522202636,12.39894604443441,10.483755011624025,10.737674415010524,9.403864794422384,9.754980390429644,10.546309337080515,11.357048952772788
kdc,11.642389722908284,14.014042922349654,11.702017894434137,11.75317997844896,13.57372328891771,7.977760687633571,9.830210732708993,10.244754796558,11.975146160988805,10.429298769335556,17.956773914573603,11.663792538271315,9.641772063339102,10.773599625954084,12.553523869615907,12.93103701726977,8.739129909391686,8.532979024601582,12.655620734205636,8.207769830364386,11.237692427822795,11.003608104573365,9.61480611668212,11.172158095717979,11.338260952169396,12.179936917479054,9.572094413627669,10.512201100153224,10.683624085722604,9.936308318989122,12.740656157425231,10.524287316039633,8.142791846385638,11.809092498515001,10.546525868165832,12.079660305650572,7.334596610617982,11.800613974534631,11.292001981609328,8.939349141345835,11.937752498960183,10.30817529962389,10.632933148322335,11.716648128488663,11.727872254978639,7.50845659648766,9.813425078601739,12.230055358906098,10.149661156653234,10.335739871891995,9.165332788586406,9.732895528785123,8.919217852294507,12.176382573371408,10.949070113173637,10.872415386217192,11.596321384180044,9.879344537560733,9.972573496103275,10.996468292731112,8.404996364449469,8.172630412625352,8.988755800755792,12.06287052653726,8.20495978172763,12.371839440249174,11.892431142082255,11.543653933304654,8.840341195709508,9.39890226267967,10.415925210132421,12.557585161102217,9.667137450699991
kde,12.028193261400695,11.454305288601576,11.791141064034397,10.274573171534373,12.277383459103213,8.522796121915471,8.839305454837623,9.487737823680462,13.554536250052385,10.662215847565868,10.633818571975327,18.037336832138244,10.407044478485265,11.700549965711323,10.824650345530532,11.69381708107534,10.764213020980147,8.962966714749065,11.63619279624659,8.967480202028154,11.605604752700582,10.904120209323324,10.735354927489716,11.429594326346212,12.111592231757216,12.522617073133855,9.836385987930509,13.173072259431487,11.14056657693369,9.485262693287916,10.136245030503959,11.982424221338352,9.799458463421685,12.763373206266923,10.596466454973221,12.188199734947187,6.997930825200601,11.548903843732658,10.386504491133339,8.814850040219104,11.570196017469124,10.428009907063023,9.687558381540557,10.794532993146358,12.002614364870286,10.865273232173859,10.0209010031799,10.531852086735121,10.502326248250723,12.000239714492471,10.872791132750958,9.335667329039605,9.834116720009925,10.604608432958953,10.098222885367528,10.965194173716664,11.829125424038603,9.260091819051624,9.436016686327005,10.447794288959807,9.772969630446054,8.665115066302057,8.437466328698992,11.107216555993165,8.448989920325477,9.944473322858197,12.52802415041461,10.778122596156265,9.675667039077986,9.496663941466608,10.470786205245144,11.67710222909471,8.134042432410457
kik,10.844825963665961,9.331736577511602,12.94392819488022,9.039989183194475,10.971254323742029,9.998599439040229,5.597511163405862,9.196770494904337,12.555505037372134,12.120387577738494,11.375520567084507,11.325083313716142,14.562550576946585,10.882065187858789,10.799676745910102,12.561513266905028,9.666632220491588,6.0379284156070145,12.089834081923625,9.961980305520965,11.51117906320032,12.540659699773752,9.967957449170681,11.132750396918874,12.726060807992232,10.832079129618128,10.690436384993347,13.899143352057525,11.660336879802607,5.4232947543535,7.412657619372452,9.901153936557405,8.84698068329451,12.869283549740057,12.140616995640368,11.245974586074,5.351248895776234,8.6003996920199,11.578977563166601,9.065089022799034,8.444617576024807,10.48125341271307,8.952946088456976,11.372858618425802,12.321197943745183,10.775404560645049,9.303334564568221,11.73609409875349,9.600975069954917,9.665163240173843,13.795812423818765,8.261705945727108,12.437880897414113,11.026645867584305,8.011409652947872,11.166965082519436,9.951805805971686,11.811619947237716,10.06175000027494,8.167300327522176,9.979917824208915,9.076667650519134,10.32181666531757,9.621136129089663,10.632513603451688,9.403618707125156,12.201262789157202,12.502695913857744,9.915655955150173,12.275840380508422,8.817377022184548,10.805845163676214,6.5717957590735425
kin,11.794773062088494,9.73513557544378,11.82787926202234,10.626311624979445,11.59658403757518,9.180991749762088,8.303746131900745,10.466563637691776,12.982849312020445,10.516727299617536,10.633918536714475,11.025546045950936,10.620401780375053,17.6052198942143,9.818388966130055,10.765024245672167,10.676692356252811,8.874322293047175,12.035294692056826,8.737638339086883,12.183224217682113,11.674518229164125,10.479993419110132,12.706949643094626,10.970365483184116,11.989226079956099,11.348232254389199,12.240925054764727,11.234530591084619,9.563448741544102,10.379138091833061,10.436153587669475,10.564274769132304,11.640984441292487,10.761824830426137,12.016215962593499,7.4642037087146464,11.385304052001045,11.171268870922017,11.084024162991184,12.347943815806062,10.166289271050903,10.057126387963255,9.637979521111713,11.216185386008181,8.787717835035172,10.038496617264665,9.71910436641585,14.91037952732602,11.516939800717722,11.162068930257462,9.052481790618677,9.24666140379221,11.643992746343024,10.277538509086675,10.194451642080091,11.706962210756446,10.379864453032631,9.778071417594441,10.622235552084803,9.29020248578674,8.289068834791404,8.420436397969382,11.392155717964114,8.14680722609543,9.945400353662793,11.860751576510093,10.84362757578044,10.312166162014654,11.336854766606583,9.968144857901583,10.502088527661702,10.428548740753406
kki,11.184137934537285,11.492272598633157,11.902831544867553,11.074095562311776,13.488081897124557,8.102019190658536,9.55680037178424,9.49577060140195,11.888949228275134,10.363374374804488,12.396263134716651,11.772888562956139,10.143319439351055,10.627836460521673,15.675350303064947,12.667088134106644,9.288735762494806,8.04634472441483,11.660599644598566,7.979006543979754,11.24126238199169,11.066825843587091,9.74796535648682,10.921403825297688,11.050607353816783,11.85707071245046,9.910996372152079,11.054628833627511,10.72348602305516,10.16254389472159,12.25408204242369,11.321301219285585,7.739098499422711,12.023124231919976,9.635631760000363,11.666513658039468,7.264894320411807,12.380618857202668,10.967250648917089,8.376068516762539,11.391155866049264,9.857078318652475,11.055516202083624,11.852755990013433,11.435556143251285,9.025396985895572,9.754450339082364,11.534482171998949,10.144055883562748,9.635300781072093,9.36080898682997,10.298571826194696,9.044679980557227,12.15392537443504,10.462199103619717,10.526122459863315,11.584579670719425,9.923472603752382,8.969319678902888,10.594587946341525,7.810384488220704,8.13650747786375,8.781842832287335,11.541653701424607,8.881383122382774,12.919411525696098,11.83843252063967,10.63830433709742,9.317196820645108,9.958509848641524,10.076711109288377,11.712564680274076,9.987296529386064
ksb,10.891561239315712,12.33305699050792,12.149573808637985,11.057943236926505,14.67604282352529,8.698973999430718,9.03179088478506,9.904141104965152,12.64129600139464,10.746527161757749,11.995232395830726,12.23240023387369,9.866812254489714,11.914700922459684,11.470442896489283,16.21624002188359,10.928993305054597,9.302637096063194,12.244696304827087,8.70233000783968,11.37185468977315,11.609606237022914,9.912649277990564,11.069413773769584,11.777393714744544,11.544363175862808,10.796662315733172,12.938899837491416,11.013096423234222,8.590665494605078,11.128265572520608,12.574512268624849,9.537430265390416,12.359825357758487,11.348709181144216,11.572880575400331,7.281255544871377,12.389238313730857,11.630851065185654,10.043441150430064,11.204309950227499,9.3611826711887,10.048967405722054,11.613235410025851,11.500093490977111,10.212309272139272,9.16885868220277,10.115744646915928,9.99269939773133,10.57112377417815,12.088676813591125,10.12747113865178,10.76768010323937,11.157162874729067,10.604955748474966,10.672468497142267,11.66665453880743,9.3203532055514,9.891579763742103,9.801004398503295,9.753019649381658,8.895096513846399,8.683045897627089,11.528086633950226,8.874648237540072,11.998849261496398,13.06213151474461,10.926377831895124,10.959951816661667,9.347167083184734,10.359198091924048,13.315788993800856,8.607958305227713
kuj,11.443384419934139,9.273178059056072,11.735820151911042,9.213129786355031,11.634285445764554,9.083046037186326,5.12931669991518,9.91405684982416,12.201765411132527,11.525471174575753,10.798737675277751,10.641040862247166,10.049235588735513,11.947285425050127,8.226625323805878,10.785445223593715,15.85151201456678,6.033656278124904,11.57495121355623,8.598619375619883,10.755469428566382,12.299611073563744,10.067469314651664,10.817755689808296,11.613377214648505,10.717141096866294,9.014411804249757,13.939098460571774,12.282510271789624,5.79682377046367,7.91326922328303,10.417901316953243,11.898374694009076,12.760112587684425,11.250491416405767,11.91770142313142,5.616959558613978,9.868702798593104,10.30113776278351,9.170991048367265,9.938379886907212,10.752347636150528,8.862385387108835,10.17597642109261,12.395260485617127,11.476647983676612,10.219798902393414,9.863937748725355,11.021976078295802,11.802748321933548,13.232007323780673,9.1265652581785,12.868546761071183,10.876181788686784,8.715015424911437,10.067757835796861,11.00861386368296,10.956801603604802,9.493134767799502,9.818668186222594,9.36383295134966,9.772276060042778,8.036912260354582,10.285698162111888,10.186101124414254,8.349406710441043,12.817956020732696,11.080504948580904,11.935490852086811,11.445394678007546,7.941099814609548,11.649080004500425,7.6282277829188105
lai,12.774655066316642,9.686970677878115,12.176791336869897,10.128238720454974,12.402290803538717,8.547590416837604,9.227816259310487,11.521930489133512,12.853575626362465,10.778075276744817,11.403835008335223,11.754440227825734,10.838795995175833,12.579923286517014,10.07920697716651,11.821106862270474,11.175338932213858,14.717726346961687,9.704922267384738,9.861016058308966,13.221970299750977,11.786925065875014,9.291915144085356,11.89094647670083,10.522853297886352,12.587966670372309,10.402061539306667,10.892411236534809,11.572041587169954,9.356152121288213,10.923422238163278,10.495945390169545,9.437599373224021,12.128582835958614,9.75895071785598,11.953157640025756,6.898262982461962,12.16954565327915,10.58193152066225,8.894777545706827,10.926384128507266,11.687385694266354,9.568392499688212,10.473975326305753,11.78881731417792,9.768761106877822,9.802459003597937,10.09723251846912,11.2142346682264,9.615115019705673,10.606702526919515,10.344785108033399,8.999252487518525,12.31801839215955,10.104045981041148,9.190747776684413,11.603375705330993,9.953410032970178,10.254307753271158,11.03219195627108,10.388868908961392,8.151204963206997,9.50764426978382,10.410668156025288,9.558962188282608,10.584050799055534,11.431115666262652,9.598892527543924,10.39666078594875,10.277733605837895,10.18469803803338,10.721966455186738,11.469822146396536
lam,9.65443381838975,8.804500415692,11.97459054597114,7.388954572817727,11.439185089583715,9.892570028519534,4.92750012190009,9.277546933126315,11.934603776210343,12.461893876505798,11.510117302189753,11.021338662708425,10.00134697174603,12.167274569957401,10.468416099106753,13.506103816663643,9.776557521589197,3.2085760832437478,14.64111409432059,10.352264560652905,12.012275304970753,11.866036302383595,8.933276946366194,11.325711228943394,12.552626213221437,10.055178189086252,9.42289037937872,13.349031388398833,12.3228751983007,5.986976756955007,7.203472004232076,11.02644414917794,12.850153453914537,12.536933599256006,11.624234178764887,11.781260365627178,4.324936888966478,9.698881011224305,10.913267481104015,9.374654302636163,8.325123783185592,10.771940514233464,9.23373390753906,10.57655515043936,11.556513027912176,10.199179258941001,9.376136933289903,12.632160048943824,10.10224742355352,12.761527758147228,13.687377603281877,7.795172669896059,11.434059680098093,12.11543358147822,8.482261809692817,11.868345816596209,9.508328447920627,10.21089635262631,10.864737111238133,8.848775084158577,10.03850716742403,8.79284172572089,10.031112950589712,10.999799838163133,10.161373804327523,8.147555649292975,12.535053386971418,11.299950482495854,10.222109736841302,12.674354081560507,8.734774124657998,10.843300483746308,5.907872955745871
leh,12.239564813519326,7.5522502617648595,12.47819836733142,10.505863844951307,11.23114531364792,8.169140190465471,8.093425010772815,12.589012050630387,12.690591854438567,10.754694391183108,10.632140499969244,11.54251587458468,9.875861744938168,11.154422648319125,9.27222661839493,10.465333835708616,10.262187634696293,8.789174609560275,11.874408162552728,14.320395548083328,12.086689914972613,12.134682565864466,9.815992585442213,11.84072670295618,9.609618239795656,12.241768296303372,10.810527767156582,10.327165861284177,11.400646162619225,9.519165261691203,11.416170947227547,9.848050009860914,8.067112345412175,11.813281585612645,9.301739995596694,12.43878241881813,7.156084311599252,11.340883369433783,10.535395697808921,9.244394902369256,12.506408870183542,11.276367961735327,10.055543542765596,10.380133262403575,11.585510354461746,9.05786053600222,10.204106868644379,10.366598654182118,8.050693397702092,10.832931689820697,11.060130136154092,10.427437664881337,9.130113933335332,12.387936129821258,9.943477333503424,10.378285542295739,11.829104678918116,8.834675701870506,10.268646966649532,11.185523183917402,11.871234685421223,9.030648055998194,7.50388811339923,10.19565110587235,9.24242277157169,10.591786855000205,11.288889298541196,9.872932383787363,9.554875376550122,9.621124163049899,10.238916064519591,9.467483169654226,12.146806763520345
lgm,11.588890046495953,9.041477053457864,11.954297198625694,10.972614564513364,11.02012940131588,8.712935032983696,8.393608107106973,10.109919516167642,12.417016845248867,10.648328392053417,10.626011799803107,10.252495461639832,10.464275040863358,11.836299328142356,8.541249103689188,9.98670838175708,10.56108842286347,8.456227149625198,12.495854005973722,8.646051593388632,20.398015553269893,11.624952002708614,9.880593722724646,11.800616993509754,10.497199543046687,11.890605502041163,10.368184063042461,10.91204519713921,11.30204445917324,9.352973635227402,10.139501547121235,11.535338905242709,8.805875778009197,12.34888257258877,8.483813193334187,12.064049082881704,7.922697742127738,10.446303859510973,9.827371786912087,9.447753482793564,11.810958383130519,10.726441391221291,10.08288598413443,9.781788987974242,11.21906597266457,10.771703726780975,9.48190091638592,10.11265005514675,9.954848685264365,10.544579009222733,10.220629024038098,10.24576861350703,9.942089448566529,11.927895251443724,10.029297864118801,10.048376538788139,11.461432332195987,10.461165536130888,9.646209387751556,10.784696278686532,9.012087186069595,8.400556804056215,9.041654483746719,10.581441705741119,9.562622242219037,10.003359977093766,11.786099755822626,9.871534459020207,11.013179113885032,10.315716245611972,9.88468426936723,11.831604562297795,11.800057001805197
loz,11.565893268665436,10.444678388937547,11.929920396903903,10.779996839504676,12.470433117815078,8.553499389159743,7.4572585139718,11.059920084515015,12.079335941460494,10.805490995090246,9.64798893659893,11.32029700799636,10.026955073559849,12.012936755142347,9.254447158175182,10.42756803880886,10.59001718110741,7.225330453878002,11.70905934948017,8.983565248454523,11.13641859935496,15.36074953056698,9.972901580761294,11.992742198218412,10.330723294162187,11.510653443405412,11.448036617392239,12.18010710245106,12.910382795009708,10.443480839595578,10.794503104557611,11.001531586100784,9.917526352565142,11.28368980940437,10.144519067359104,13.733123066588604,6.754253842829312,11.155188369117276,10.719423361430156,9.283726703920202,11.586087092353559,10.169814511257522,10.212943246335282,9.716533541606397,11.050422371099746,9.218289435583664,10.071071240004196,9.661363863618188,9.856281909722586,11.152392599930172,11.63753251624176,12.648976278685184,10.687539008359193,12.427826187179242,8.46848349413344,9.382252538569249,12.125823579462992,10.620979579258675,10.057138307179933,11.02537837593024,10.760258974319752,10.626121388847189,10.340952293346616,10.82773342249106,9.069540051024461,9.200229140578168,12.483168323768714,10.119590716458204,12.465687394386336,11.397052237230316,9.162128771981424,11.560849383796066,11.755727619075547
lsm,11.642722664462934,8.447986344488848,11.771564144630037,11.03573810069292,10.31124366301723,7.992493351341608,8.512042050193436,9.316981551177562,13.102228405626711,9.213558179312757,10.034068409337573,10.646749511014985,10.322014599319319,11.919368432414217,9.974455221142001,10.215217072781522,10.6585798770252,7.285437642683738,10.318149377636646,8.141351365325693,10.655117035389182,11.092267172731155,14.597404467131403,13.240475992044033,10.626638340200785,12.18317954384708,11.759847065000073,11.124307516628834,11.46822838945626,9.709566371016953,11.104963120149476,8.696318954582997,10.462563042910912,11.12370678760637,9.359186614048218,10.432419214342012,8.519460507351145,10.694867210715554,11.516614537594034,9.909537991829598,13.728777840462925,9.654667903712479,10.412297558017888,10.086000059889617,10.721559789788932,8.357620672048757,9.735913455645445,10.46099256297869,10.778406548163952,11.305903908683208,8.052884297215252,9.698706730475964,10.108047487720913,10.675436474122298,8.532127780236836,9.8071307540076,11.66546437136972,9.825527411091363,9.183382960699527,10.900974559675557,8.567592642160628,8.460444436235187,7.335213464831959,9.438330694752011,8.853936422088484,9.717016371098703,11.992689974768659,9.536985110446055,9.588077424390502,10.66419663911152,10.300900334474617,9.460368197069329,10.51990607780387
lug,11.348681516299019,11.208204969891451,11.690107610873996,11.081939904590273,11.900802342894627,10.352841015688629,7.461188185654051,10.526411267987788,12.80447167873959,10.447018642487214,10.51287338855356,10.825104170018088,10.678320245186178,13.110053513201747,9.611857745064897,10.660561009674527,10.96031310600987,8.404013888021785,10.735840796372095,7.285200154151621,11.87544701934263,11.641109938956154,10.959833962940191,16.09109685685394,10.98024268734776,11.926874185917669,11.604044884684209,13.077704858543859,12.347410309521374,7.313371507100699,9.57178542404533,11.235328463286567,10.82023621328856,11.580592298143824,9.618100221110476,10.322615619044692,7.537180951899875,11.346961630789119,10.586101099843038,11.909947394056928,13.376577781125809,11.526772213873631,9.233965589918022,8.549910953100524,12.330400760648006,10.71926056796668,10.536709309206994,10.061503107548047,11.641787266757362,11.186826941882405,11.937107612670584,10.380855813355252,9.354129965268067,11.134961011109642,9.694866227431335,10.40265863409048,11.999685909934845,10.385729437796016,10.026788301348413,9.79240847975767,10.000184845863746,8.500145444365028,9.475423418636417,10.924838509306227,9.155582544915717,10.459256478293836,12.860598525605221,10.147543347176411,12.830297447238767,13.975215058939892,10.62539067946601,11.71278224452352,12.570840906611808
mgh,10.786347747719304,8.674171695521258,11.765531555465673,10.55271544369754,11.068659921304453,7.283752125877147,8.961529545105883,8.482672831719274,12.34158373468174,9.239413409377859,10.150549427299369,11.589037284004414,10.504614126710718,11.277683033586502,10.041043981076053,11.05853624599689,9.960575063657815,7.575002493093811,10.459549350192388,7.335764385390098,11.402148010926458,11.273997400212123,7.838636261916789,10.626370594754174,14.40148296600119,11.620180669335278,10.280502600627047,10.69356177934807,9.961952853108542,9.34037502239831,10.848172256904734,10.025777004687999,8.767448505610496,11.195376392890818,8.940823919258234,10.3643365298206,6.828132178342123,11.254281065564058,10.17021827120314,8.011013341535744,11.68721706707974,8.554511372971426,10.171461160606524,9.759580480908205,10.82560637669078,9.760866294699378,9.270386964083018,9.301929260452196,8.62252000463808,9.31050804466205,10.14933349993213,9.570735594729799,8.174301554584815,10.497714973958079,9.560017490593003,9.210591603106646,11.376402717451368,9.204593307463329,10.401017901799365,10.2003868385176,7.405822564014347,7.261595018303534,8.377243049198443,10.070477040186036,8.788931183517274,10.510850797002949,11.298336893773204,10.499918528703027,7.734434894165513,8.04993823462693,9.634713233376663,8.791055856098287,8.84227600581903
mgr,12.296680902913657,10.365442415726992,11.735962447414563,10.758519969291315,12.355072789754772,8.84954343290254,9.104684188547296,10.655235463142727,12.719764393944965,10.27501272522411,11.571814228181546,12.11045153738434,10.823703432254113,11.034040015360365,10.929202735891046,11.926380500119135,9.51517597552338,10.478738838889084,12.207281603913861,8.805771715905735,12.375661820347599,11.300406973073214,9.444636424353945,11.659625912834002,10.762621844025553,15.926035576842908,10.956776772430059,11.902527783116179,10.833161186104439,10.422216576458794,11.237110347712191,11.585066342133238,8.691406588099433,12.1810776044923,11.524504903041736,12.456776953465178,7.586572176889014,12.19145907468966,11.053580401915571,9.47156560375631,11.373183349377989,11.43612015008021,9.428353733230956,10.47541866169622,11.51192701194466,9.482661437755066,10.30086884158552,10.255097354919174,9.84742804156625,11.253348167373515,11.69175358282729,10.837216984438621,8.727033503485696,11.985238554524832,9.968302298251121,10.856135942880755,11.590974571373597,9.574646862374683,10.332728009965447,11.101083973220682,10.456418548038009,7.925981320110297,10.153936377471071,11.791293703073544,8.889680474047097,11.977694847894298,12.246169809341287,10.481567192493856,9.966155417380453,10.382619646538256,10.477771258060969,10.874002609087743,10.884404953770389
myx,12.04155368227461,9.858861107633311,11.931902529846472,9.942986388177985,11.612877562195335,10.211805268866982,9.527443192540508,10.336676922511954,12.298542301512,9.965962324164773,9.857234537323471,11.866223202372069,10.373339706056674,12.201718298995093,9.82573354340526,11.217966376365784,9.867555939590021,8.312586262375433,10.185665419217898,9.335255994662738,11.878957323333507,12.4227521794676,10.58544601107947,13.255999473412174,10.878608940992203,11.993229883212452,16.92066086602084,11.261403565886015,11.054590490612037,10.492325131334262,11.224791110254165,11.035378613284902,10.434201827604316,11.25303513615542,9.628019275465505,10.893787364965824,8.279935192827438,11.059348899543181,10.995833183522924,9.516254082014292,12.387068867899185,10.493973361878973,10.182903661974658,10.53267275146835,11.528644523193654,12.778972843132546,10.089794824547909,10.418746153003987,10.776451972286303,11.400245169689347,9.04292563283849,10.270759296954584,8.895257933435415,11.13830445410193,9.636670636108722,10.212182961016378,11.904652535568047,8.627424411312493,8.983067175185804,11.467538830133499,9.26191677531274,8.246563313246154,7.867713637934834,8.074335002698302,8.436064264457583,9.825776130110626,12.10194028849821,10.58857163170657,11.469612513274624,10.654514243956262,10.439311543846488,10.605972268712488,11.322604046930849
ndc,11.309483729580391,8.065351642609729,12.165547100953617,10.317110693490042,11.735641876566007,8.29113836513066,7.652758928638394,10.301616704456132,12.99462129268099,10.216498442608964,11.337914171572958,11.963723332192638,9.59756082483396,10.906162463655273,10.017812196720282,10.526612840250037,10.026199754828308,8.162072181027776,11.797495944139383,7.882852806640228,11.73330390836649,11.457217251178305,8.85509587811978,10.96932836635897,9.907798217923045,11.239191311877443,9.07459780051253,21.805113022285262,10.454501695823819,9.699211520208587,10.903363594803958,9.91359791403621,7.979505236607699,11.44817266709646,9.800480525325753,11.877534040804363,8.48318541668524,11.979666438195427,10.78285069748746,9.114190333645936,10.670250670752594,10.159914173433963,10.349189982797306,10.447336298279737,11.439806252256805,9.624515193930337,9.738251178832126,9.19108237635959,9.182429187452398,11.135969323486192,15.333297904125033,10.662446043312137,10.651148368134978,9.550109983083518,10.058018022276329,9.986416919590964,11.76647017578334,9.33201156197725,8.603947115115417,10.111968748970936,9.791205857016626,8.025234845229164,8.40393299061471,11.55758569497897,7.836255175124276,9.608835413888322,11.75215205416158,10.549169265951859,10.084550000422295,8.624342658026297,9.074318733855034,9.598071137911257,10.886165725245412
nde,11.084729828228719,9.351571991490811,11.67543619478623,10.797174583830142,10.853884961874527,8.137466009783635,8.025669109046946,10.45909594038469,12.297141154257266,10.44579514298562,11.412292833569534,10.456472185012897,9.430537540712155,10.876473343358166,8.673745865065955,10.729135106721522,9.162108183888574,7.635199781673293,11.250050014184602,6.756964336371318,11.580872749128885,11.73864137551526,9.222915121039001,10.927758628195763,10.301056544666261,11.44893142766889,10.87328993711305,11.48775031040557,17.909928509388333,9.186009518342168,9.470601338451495,10.190973535473857,8.76681501936498,10.81951510128766,10.044002484180064,10.592056532750595,7.812395879924219,11.231828998675276,10.391575573934379,7.815377505996876,10.619545808400833,9.971532594161344,9.446879286422494,10.51375101014032,11.452877486034458,10.237368979664558,9.37313579330999,10.287589633569851,9.150458122097307,10.3453597623807,10.206201679914495,9.500992915094153,12.281685432150255,11.404075148909195,9.09818578111921,9.516487615130059,11.383516702068196,9.465013654948057,9.469991700223655,10.477996618484594,8.823967195025952,7.736369999621344,8.450568322131836,9.180794033657508,8.30068866932982,10.846766046846449,11.164687016744743,10.2746760391689,14.764728753950285,9.057441156226302,10.068444669657746,10.301034796192086,17.63235532494075
ndj,11.139805892305546,9.848697360706256,12.20337630391903,10.899367648133275,12.063074008735528,7.601598866685087,9.792255527724851,10.056868176555197,13.33088438735546,9.046453963667886,10.480224727963153,12.273288885233747,9.51446098714734,10.736409789742359,9.811853097405622,10.118100614563435,10.056914014711895,9.037037340562765,13.129961155513945,8.45940995736397,11.673593351137466,10.973737388265894,9.198297696948911,11.438454785049313,10.65711650396505,11.766286108360122,10.19893825760685,11.21584311057512,10.068025980097985,15.923757865647453,10.776181547074902,10.332470142119538,8.976068801095801,12.430688035473288,9.374485775933742,10.86469731221836,7.205217487857357,12.734508100922037,11.457258906262226,8.288871906028728,11.433390039737219,9.987835939338128,10.530396108408622,11.325898452024319,12.388929061287431,9.951354051349231,9.870753221112812,10.593365434937578,10.274543683891885,10.232409012796625,9.40873882093117,10.010074992648061,8.597718628780985,10.881906469756457,10.331244648846553,10.556851178239942,11.09593933515242,9.480684894334896,9.286450980682934,10.759706445536308,7.925028420370064,7.424526652809236,9.277946588435135,11.995311559233405,7.569637660633885,11.641681377953637,12.322198015792091,10.117190871283075,9.252093232495682,8.963755710396347,10.774278148034307,11.054589833169945,9.77080929416428
ngp,11.52839545370364,11.164652638855856,11.857123561025013,10.937707650204603,12.622619092814835,8.035240910714764,10.195742329557692,9.729321610181204,12.947903918628198,10.702265984147964,11.408308394126381,11.846168853693305,10.257736159682905,11.089138387052913,12.15996730964695,13.562134138367105,9.582862009786705,8.538815969717994,11.578991042894861,8.484770532526479,11.734726016145316,10.795352200036596,10.027339944214892,11.095722698492038,11.070943754500249,11.914181557786154,9.965611262277442,11.822594722193635,10.370728972843445,10.174258184806558,16.287496129836608,11.568297319550602,8.817315888299778,11.566268834141585,10.518873416655685,11.847758444466157,7.499671904207229,12.014710287732061,11.44433725509538,9.240612026963383,12.246829815068082,9.579774636021957,10.363592219514231,11.924088169776525,11.878522854270042,8.730885121160249,9.473052040574208,10.63092558454443,9.718578886316,11.2597199861693,9.511847503000473,10.361249789973263,9.479360007495115,11.416705344010044,10.817982735776349,10.25432820992381,11.446699691660719,9.42273112408785,9.03062109348589,10.714317779544762,8.44464446198446,8.283253513867463,8.386053483085622,10.521805805360959,8.652777541816612,12.366136371500634,11.833004656256312,10.621707895376622,9.997940954762138,9.44986276617979,10.047853105143028,14.846071112907836,8.784998189663693
nim,11.366148961973348,11.682606718847504,11.77534627684288,8.821559622270184,11.741095473317083,9.419318972287256,5.708342346855268,9.188919152203878,12.738541550450599,11.591095906745938,10.726104718858384,10.9378910064202,10.518583414617448,11.594832577659295,10.206574407899042,12.483987950542753,10.098069228137872,8.15362000860458,11.550076436497104,9.391193569770758,11.620222127176136,11.470493897800498,10.117634058815973,11.327239927718075,11.837872904440696,10.962605840523002,10.585367662189482,13.818857695033715,11.434277217250695,7.153470304342695,8.29916910879974,20.04760726122384,10.432261008168865,13.24038628905783,11.95576818056615,12.404899038066034,6.265990271143449,9.461309639559943,10.215414458565828,9.277438782605627,8.620734690746081,9.716087541512156,9.022841449945977,11.203688872279033,11.981172096897263,11.356020006140263,9.666593269266794,9.677277316200298,10.47885918169933,12.006815473898744,13.369630708745909,8.842343416390277,10.80683327627395,10.1029457636601,9.70254353391424,11.310836431647733,10.937295321018288,10.211270174333755,10.026716817922356,8.37206689650988,10.232765488803604,8.960554072201866,10.47392041478786,9.683496899105696,10.943565587812055,9.550789503242939,13.176643779802234,11.65960677276624,10.719684612217852,11.765205701142214,9.811151008354061,11.435235308421271,6.168331593383958
nnb,11.222816336247684,11.431983981020526,11.780032546025058,8.86641146916941,12.670936941111325,9.267637112662745,4.98396390381825,9.558907938087343,11.515180818220596,11.747780845127231,10.558908131930519,10.560406620140093,9.648245474899571,12.090736126897477,10.265544170968544,11.665998067518897,10.730496337396103,6.80738575986257,10.709570174901504,9.199312573094783,11.378863705655649,13.050096826423966,10.305058232806598,12.124183155191576,11.863276515676308,10.773956026174572,10.71076944477682,14.20666296065159,12.781488201048386,6.086737807448127,7.280372161780481,10.256308290999756,15.513414575640871,13.220477970930839,11.44994729362452,11.817523487426735,5.983109994836339,10.473807173090696,11.019194697519204,10.856896410201543,10.211588913423139,10.33697783178059,9.550513391486575,10.496814135086254,11.596365459349045,10.587270453844695,9.583282743548464,9.973157953778061,10.885223158733142,11.885188478947248,12.937519595644545,8.731660385957998,12.42619871250945,10.846921053703642,9.04846710067623,10.648338870776152,10.418171604804789,10.389534302272533,10.191125503283882,9.801641085803736,11.196842481167234,9.44755205060875,7.679798501861458,9.854335723955812,10.428148201582289,9.64519124408851,12.61956721149794,11.868705156150092,13.333105212722634,11.586121341280228,9.195385672912169,11.425996493659685,7.517752211983754
nnq,12.084427731102029,9.379901665507626,12.132241629827552,11.126984361934555,10.105848122933828,7.7608602612479,8.01002008832711,10.391491374750093,13.014014834520408,10.004640483506831,10.452688564287605,11.512215706988352,10.673305801304014,11.002468458733468,10.528585286785342,10.05650578264237,9.524399694694278,8.525662477663202,10.560177174876154,8.82571204944263,10.842040782471509,11.345580413606962,9.257623085113503,11.167375054782108,10.917002349087102,11.79267255899152,10.480965381425134,10.70444907584203,10.013884519676312,10.007362634819057,11.106908589274788,10.578700783404491,8.747115403434126,16.311099310868393,10.007827565708158,12.800935245031871,7.611245140670049,11.8024365813894,11.267088110071043,9.668139496080144,12.242351595779217,10.561716619531527,9.730874776909832,10.65205010142913,11.363441415989696,9.662386458476197,10.72790625766051,10.115286160857197,9.318118623646003,10.27608025892765,8.901958965653957,9.977440004923626,9.839481104027946,11.365656041458319,9.768858843303368,10.309227639622039,11.228115233720432,9.754278749298418,9.646507641706455,10.220865727263249,9.644083632584122,8.850829519461444,8.940701873912488,10.39755894988631,8.40820954596882,10.801132786466928,10.29589750861623,10.314553510550379,9.370330348244266,9.183423579686002,10.517862555116855,11.16460134585037,10.967613784146991
nse,12.072085143650156,11.303852385600734,11.662098390932771,9.965127718656678,13.482448800967676,8.437076999005894,7.704888233937493,9.618791256303687,13.01548722911891,11.046985777084444,10.334547895768472,11.51262991326266,10.595459940789038,11.71088692359145,10.77767156280452,12.449500934514022,10.781895911675146,8.27226886524762,12.088115860869046,8.919206277156935,11.501063108006603,11.735512540146962,10.764974133803463,11.854169274948893,12.085373782780657,12.04055519344845,10.686480220791331,14.092208485917599,11.556332914221972,7.559062638026784,9.011956371571136,12.576934052233915,9.510218535719444,12.698912227453278,16.133797067225338,12.62760568654057,6.678679056440726,12.4152216170981,11.099134767431975,8.925493212445918,9.99909960739805,10.505350298631193,9.282609326057502,10.531916782639723,12.277685683235747,10.162948728565341,9.70837449716057,9.401433713495518,10.584066220202033,11.669790486288065,13.341457013568428,9.832932989581726,11.428367635434393,11.478931282222113,10.182060497533218,10.93600706687343,12.034758430246693,9.564036548018114,9.206269116076237,9.870595316851364,10.528135476365515,9.616539982407726,8.991982407191749,12.038508365117032,9.591697578730166,10.484768164973744,13.749335346253739,11.082015445593532,11.185471997495222,10.807386603566286,11.075042300764538,12.25554080744346,7.570226476175253
nso,11.615921325936917,10.23271852477698,11.628258196444682,10.304669310505096,12.379795343372587,9.372827075114998,7.1127529372169,10.382231644641932,11.727681528598444,11.835921785809397,11.497881547364745,10.17726599073836,10.191993353657983,12.642758229113642,8.860098878274778,10.443083922822147,11.403923965020649,6.050808375945915,12.318111916818106,10.262477075853292,10.446453400349485,11.999183810164656,10.748709601692525,11.828377268814592,11.366547497425291,10.727699891883947,10.491816515838947,13.74895720982669,13.749998001299948,6.499585763260031,8.74008725919824,10.962116988055316,10.01970292496595,12.91068964777449,11.33057745292774,17.561520336282815,5.190908859703682,10.674456280706314,10.619293930161923,7.955217311908645,11.556870841878437,9.107890288881846,9.127388261141906,10.220683090817467,10.775036796576627,10.978256511836214,9.307669525914402,9.183477288401548,11.717832156282897,12.31072053188225,12.270151151536956,13.726467304472505,11.524159314502164,10.056907645146145,7.632647680585443,9.782452408506225,12.057340658288435,10.434597818859789,11.520189911734041,9.206588240825283,11.420627339864591,12.287324370267992,10.687188550425383,10.769232464089825,9.645582786863915,9.81217089676293,12.276748543113357,11.532502988181346,13.078255796757695,10.561848156011271,8.285877450351657,12.79566995738787,9.485500325743395
nuj,11.591493345760325,10.546937723176258,11.34095756068065,9.185682145994782,12.309080622947736,8.539815076593067,6.827803718824218,8.859895894431997,11.119417462076745,10.677686698038734,10.715420963872955,10.685590949325492,10.924601936858243,12.47760022450253,9.15058989628384,11.094887880403405,11.484938411696051,6.410004808741412,10.591349163006694,8.861984539563185,12.27193207780767,12.549646960507967,10.932695256851986,12.971358664539935,11.769026463155592,11.244813192023406,10.741923733171,13.712761973045012,12.637233688657851,6.625728688483716,9.400636128056686,12.08006407717998,11.145174717759119,12.540312213508454,10.010538940766715,11.74084194061386,11.042621945781157,10.377150577715218,11.07458531318243,9.849486979012871,10.692756481827601,10.446842832069361,8.806261510492707,9.678107818645069,12.032223195745043,10.320058907727756,9.518578563418357,8.404139889155305,10.968276924597507,11.6121576119806,11.310029464559095,8.872253047560918,11.830956930879768,10.8607397202786,8.680081835844737,10.515953969371308,11.291050517489323,9.543724531246795,10.254336653257395,10.233349001862644,9.150345102468,9.566949596629932,6.721370769148844,10.546696160888315,10.234765039237175,9.02884064667523,13.167215897624935,10.74863101510629,12.150512488996014,13.821112156453875,9.34443620108039,11.837588241092199,7.300242303141599
nya,11.321693061566645,9.147433212845447,12.029164431220945,10.352991987870336,11.967229425590448,9.401461146575352,8.416883611444486,10.613548953912193,12.127661879473441,10.592624205340075,11.525398533777306,11.372631261235417,9.84024962225228,11.929447365629391,9.566786475380692,11.488378330269226,9.25353458783229,8.410879832055471,11.347809016723678,6.648487054079222,11.551984607455502,11.660071749584542,10.404619866012291,11.077363222274753,10.965536833879092,12.45833437981259,10.50378974927248,12.519839075517453,10.717790308629732,8.144285320189333,10.072655595346808,11.946330248354817,8.756714941889571,11.403659822620437,11.039083859548173,11.890131969687067,7.913992788426835,18.87128701577207,10.616532708351915,9.148349949731248,11.43717014033954,11.432089151348109,10.88983305515603,11.484033549758218,11.709451197122855,9.383066525095362,9.875443117785391,9.752362369845667,8.802343547920543,12.929409188597733,12.421392028179527,10.118471879702895,10.874112468465487,11.1386765302894,10.288022222940759,10.749952612032182,11.378921869724397,9.498572328713605,9.103032461033104,9.950603055095984,9.698192305609405,8.081899151936668,7.729935927081804,13.008587162279191,9.276353699295106,10.060224212496234,11.894812907805745,11.767985560229462,11.050594681975362,10.03087839896553,10.158973167505724,11.369253208592326,9.96655278288606
nyf,11.50851569220133,10.270304892964756,13.27798864657568,12.387841214075717,12.299297725737702,8.821926872701075,7.946427839833589,8.482442918671008,12.669681491030282,10.81718327604599,11.610704853144497,11.767067199279586,10.420194127394897,11.348804755603354,9.679870514626154,10.840566791375334,9.234951892554982,7.258306128407886,10.689048544419103,7.622518691842503,11.495166233182044,11.61271540361918,9.66691697334863,11.568435539013032,11.206475789470334,11.661130571797935,9.55619792686265,12.352398767729166,10.982052745887415,9.006757680906894,10.738604499105017,10.662342004319845,7.786467881260747,11.529031262139851,10.254748218363089,11.754264880822232,6.575918000855696,11.637087130277877,15.134948309982137,8.793603778267288,10.397897577713922,9.19793885226469,10.138245280543277,11.642331436356068,11.110549819194397,9.49935579904888,9.805114955687355,9.903117698760491,9.078901249792604,10.171593179791245,9.700736793447293,10.591643361397026,9.93207121041647,11.592498470667396,10.7878738901433,10.088241903009926,11.46159282963866,10.230308874302501,8.83360449886064,11.082037028850888,8.27468796736937,8.497011295618648,8.885085649176421,11.404665101213068,8.491072071539728,10.459153932154507,12.776729640167956,11.544432200761896,8.778807989733139,9.286865553136744,9.28248105498279,10.167620315959931,8.611217556239088
nyn,11.5264578698769,8.658425172056969,11.56006808227992,11.277305504361825,10.393727092539871,8.998653093927446,8.362111507574268,9.048324588715156,13.102897455662319,10.43514538368292,10.578325778714715,11.024588619307284,10.24663551843108,13.201900101086133,9.73731108256973,10.34239367286151,11.217108113621519,7.3921950141781725,10.693666802284039,7.839620897207686,11.60082002127342,11.74211606548897,10.686081667362286,13.36542955049568,10.370024336715785,11.754029230819283,11.00674163266382,11.431203715118329,11.058007953685687,9.36668951933903,10.353514412643563,10.175663990888179,8.907003661281083,11.281282505807978,9.694945965229008,12.030284458706006,8.439710145585709,11.390373837063098,11.09942686623146,15.01085608548753,16.003131463279892,9.923516618986406,10.174008056764828,9.687004070200746,10.796924028172091,10.332454164802686,10.737104958364792,9.240947088562045,11.247548438478356,9.490465705466669,9.748015451830144,10.21883156511751,9.437651429151142,11.436764906053133,9.265908820542112,10.296143651964195,11.64020647462733,10.297641035985713,9.211208944636528,11.90103762800625,9.357991525962698,8.050131196369296,7.250183061349917,10.40635313661672,8.401540728310016,10.33976774597274,10.751513673762954,10.5568410208886,9.356612715156098,12.218895135524418,9.964769476172682,9.67601686259498,10.253761396808482
nyo,11.445981296028213,8.429252803898391,11.81861054873624,11.073148764765753,10.682397656261188,9.22294593598045,7.741120936984598,9.65713252358109,13.465624660628583,10.624687133493376,11.21059019445842,11.37546059358033,10.416497996696652,13.252158725105781,9.87606543083799,10.222669871991885,10.82959556981855,7.685300101417755,9.938905082693712,8.275543413820223,12.169393057375675,11.92766641912465,11.202336445204763,13.541285326333071,10.138003046681545,11.966509941389791,11.557505948821246,11.23014112585081,11.177034941965898,9.632505468053084,10.583556424065595,10.629895631076222,9.81396650289776,10.961778705651664,9.522398150037644,11.209596907432598,8.179526018707115,11.329941817128496,11.248115834319664,13.37373372660574,18.56094139410996,9.739428796738439,10.465238969625156,9.958012981330386,10.850765923286012,10.204043747950905,11.288872685624915,9.688570676598863,11.408891824703048,9.454920668094195,10.097548640651887,9.950341842809115,9.601986279640215,11.041602836496981,9.449946352870642,9.342223610211608,12.308757624114719,9.9331450993656,9.823741272891958,12.160907086874657,9.913136273663826,7.564870472305714,8.550207466776165,9.633116762338659,8.843858624012968,10.368697453556123,10.64874065874683,10.278943516652149,10.321228132378838,12.255509051147124,9.753799877362734,10.72983543979048,11.567697234769831
nyy,11.103651447346126,9.286234994433162,11.922580612618301,9.04734732179393,10.77764981189334,9.16308973436509,4.455304629234462,9.030087729271896,13.236110983378468,12.546016601055163,11.532317633853477,10.632337577262016,10.648580193716798,11.733953246014597,10.696828887418521,12.939734594508195,9.883040567950815,6.682669415362412,11.949760292136427,9.83803313683913,10.798489146635445,12.058404904370313,9.2779623902085,11.101633391326397,11.758345660193038,10.710246899708984,11.116788307014497,13.614736862050695,12.36289922134,6.263296871474814,7.039948570275547,10.515412711241078,12.062025972967032,13.178774233658133,11.603862008263336,12.29909720006055,4.745059081421204,8.197623834999614,10.416667194643301,9.259696936858264,8.560546875729912,16.57833996225236,9.514153896412553,11.145788301635728,11.977819175931268,11.746764573249784,10.475033528345273,10.517593366899408,10.666953329596204,10.732421584446133,13.190183934280311,8.982725790064844,11.211195769528395,10.61862769575579,8.897516211051864,11.703568510133703,10.844401078805005,10.959718428361711,11.075698120898176,7.413137148008267,11.209907190741779,9.4529260865035,8.771170537535411,9.394498607414967,10.952971276076997,10.44756432363546,12.320993814229562,10.86464772033229,12.103813360744411,11.923852426304721,9.853925687517885,11.680770322515999,5.702256115580429
old,11.63748125617344,10.262705684686999,11.650817640266013,11.17808947491017,12.150719452170913,8.151111773031115,8.1677508488866,9.30646009893944,14.046815702753953,10.19380974488788,10.78384022026027,11.475881138870674,10.49401339050916,12.149894896176407,10.431435686081276,12.087187912013473,11.270175176325676,7.3864539098740325,11.719597939854058,9.25792467237338,11.315140008739064,10.928271002713483,9.19697448477347,11.75851146866546,10.201191641519676,11.424525223548306,9.04352580722792,12.157061128917885,10.581296086269644,9.083611957135627,10.878515645773005,11.153605639102505,9.764633101455493,11.287451014364386,11.203496647996847,11.936893917747577,5.405382353575744,12.291253923852452,10.914465921069533,8.39095567624002,10.96978246142984,9.151279341680816,16.67145768035714,10.889298425121657,11.739936706301055,9.200822322563802,8.879026092598131,10.96533988899045,11.116336326878569,11.416500877291586,11.744108665780745,10.519343734088157,9.902721171027803,11.083177092566789,9.075575728759434,10.64953801761851,11.760042683955575,9.473780596653606,7.792650707256589,10.31072328249838,9.151057685548121,7.679918187570253,7.1512891071115465,11.428902683139562,9.545067695180407,9.935376510506828,16.372929315136755,11.3050542097147,10.453140444685587,9.022505267465975,10.086947952813533,11.257592101928116,8.682089084748839
pkb,12.295584716363637,11.679062742798562,11.921533437043314,10.275904942549596,13.097443586765984,8.126343982925095,7.3217182205358835,8.720968168198386,13.387321497528132,11.358633376061285,10.443333007088482,11.7975350382939,10.626414415404668,12.070289336650948,10.799933614447287,12.12834661487413,10.998683730355758,7.542844672212939,10.971726921583384,8.673149302735975,12.036969937573849,11.640074205967501,10.68489044374857,11.92431350956934,11.720810736656224,11.587014165275699,11.200564718239086,14.019457583782327,11.27937517434958,7.336308088780995,9.44375299510686,12.685278280734169,9.561343249687749,11.91871102456055,11.49258199246654,12.123088576622958,5.989158140214972,10.749674428301166,11.357291685687468,9.673353937310655,10.17688877543037,8.258775216682396,9.574540469765132,15.015573472421071,12.113136540042563,11.134415147003619,10.728515618129968,9.679697544242998,10.607596145966031,12.027916368519746,12.398627440302219,9.259536213686744,11.327916513789829,10.977028728401345,11.011679099279627,10.85006196010543,11.336873276079375,9.626122712769007,8.819821516240815,9.595536809360668,9.756158063650165,9.177944367418297,7.997590859426531,10.438805494582292,10.045658263439986,9.489065132152202,14.862681612421985,11.235838888490152,11.172463126472582,10.230835198632619,9.978840151608468,12.712091828924915,6.719192812008814
poy,11.603125222666035,10.640653516586882,11.964231874932935,10.924836590926507,11.19375517264315,8.59035122723354,9.059375535183815,10.062558576284339,12.354387815656603,10.481671942673486,11.142526307399915,11.949865657054328,9.651367100515925,11.220074768337865,10.32771268399992,11.294918526483679,9.74498149364455,7.978684067877645,12.59050602063837,8.0458741134581,11.76333197094863,11.594716124218571,10.439096637991591,11.654837818933448,11.486632911288071,12.107035179245262,9.06663299999063,11.163554783320812,10.020116048519252,10.488150784167367,11.54218612894969,12.39481237209454,7.998943285129793,11.877787349262253,9.497556983700271,11.59929863964981,7.180453600642987,11.661129760853015,10.627750856259658,8.67139805244198,11.580382416667504,10.39250717835429,10.488845568534126,10.84909462091835,13.787608412741054,8.078380919947769,9.373619405542858,11.133236971426202,9.381774867768367,11.817100754753255,10.70993980361908,10.690613195617074,8.432456743525215,10.853670730185101,10.577287143997244,10.46268537553269,11.891563921184163,9.623004184590593,8.825738368687642,10.540418773725072,8.454678325451622,8.38048036043153,8.277816811873324,11.517211927304325,8.117112529549521,11.229436573700184,12.337942805619472,11.157250003753838,8.865426604288357,9.169677940791528,10.119523197926771,10.87688342940567,9.906365722100858
rim,11.369869274875255,11.221570610622859,11.824048822285164,9.1811319498546,12.922119068599688,9.106706483904212,7.387200845919091,9.452768665457668,13.00777619982558,11.929438104082395,11.573672223278134,11.908509843260441,11.29835547732158,11.394726919436756,10.488189570058703,12.540600627401746,10.82012839739956,8.153321143674598,11.517875881211188,10.455090338520888,11.717993888180342,10.984590960083974,9.84527909981261,11.323460732056573,12.399674667209082,11.010274106805475,11.40861277808319,13.886532192557876,11.596275055641723,7.07709402326542,8.292979602437828,12.662966115154525,10.505591096972736,12.759976493973413,11.450520133224694,12.267449793229645,5.208265323582795,10.746114596596346,10.973777737963154,10.053179099309476,9.171811990803382,9.526293849723846,9.30613423046517,10.523376905315974,11.6140333006374,18.074418830512666,9.601282611300933,9.383174868008778,10.722895861491812,12.259001932984583,13.109112905032713,8.260926893869977,10.6519810063612,11.085506231222512,8.889420877977514,10.93602471145462,10.455929994895467,10.423106725057169,9.10958334671392,9.235970207513319,9.405188983625983,9.23365693379161,9.308490388422285,10.211063173677656,10.88649608510051,9.961041053834498,13.794337831234483,11.700778910329527,12.211762932618518,10.860915389992396,9.439869482045983,12.353032128203665,6.0949697291717415
rub,11.565888126026232,10.272603651428183,11.626945515657829,8.823743808126874,12.213925335123548,9.70912758286267,4.568909630603114,9.324464635877687,12.214370570145435,12.184757333686926,11.489944705642555,10.794659075744075,10.412002023218852,12.353822640608882,9.869936552639825,11.220066788452694,10.497662271855079,7.500327580711126,10.72841288376286,10.061848839831551,9.516811362942198,12.200357271728247,11.63247647457291,11.830913320921379,11.487165243972019,10.743037242572322,9.725902547804647,13.928915187922868,12.295123383917966,6.826845883950913,7.4343148088525,12.169283458719347,11.971751904479389,12.934406968205103,10.918465724343008,11.729592253038277,5.234788206812617,9.368717001572174,11.18081550517933,10.703342259699992,9.355203085786131,10.885362513377787,9.871363960829017,11.739179274744975,12.63374328959218,11.511341565634565,14.257084598206808,8.915571745741985,12.177071035176391,11.615588071600213,13.089764939289697,8.883279498670488,13.482312608496413,11.280670717969628,9.188766395942688,10.614996473528107,11.518331128122004,10.35721432510054,10.270585008394852,11.790226136788826,10.909161382727712,9.736382152698518,10.083534848093906,9.541640742989134,10.883437701606653,8.344486104875797,13.916617090458704,11.135998334048029,11.064231785802813,12.296711915828523,9.825303076826508,11.187427446579145,7.477388061360612
ruf,11.514224935124208,11.443836485977354,11.47091297680926,11.15751105870168,11.916542499025363,7.5820645319120095,9.500045271082454,9.621114122547441,12.830614748084015,10.310627603437831,12.351724295202873,11.40290602229145,9.840967484977352,11.073966147229216,10.760030473662912,11.351483671677192,9.42539374260877,8.522665040065826,11.343052877673967,7.698560161218625,10.50374158173279,10.929925501914333,10.091468277312217,10.899158651371996,11.4916768001136,12.241743683923108,10.468459044182326,10.979630172026114,10.864998243678823,9.955389025042413,11.527296580923947,9.612680858288883,8.612319251777832,12.10157010498486,9.157039619383529,10.904616962194872,6.673410572906152,12.099686138648874,10.767740384059854,8.554857213356,12.141632933602224,9.90655589371916,10.948058866476092,10.906372669690425,11.253487006359068,9.323443154257728,9.20189431918159,15.674534165541793,10.045391915138744,10.762040878665925,9.637987117406082,9.808475488404667,8.88932198468527,11.393726076288697,10.262324815831382,10.268907662855987,11.808149312660289,9.634396997138923,8.220939051878982,10.207198580834254,7.900550822664765,7.551307404601984,8.922182800136664,12.174277572319424,8.175076097117794,11.336026286755835,12.16753984867585,10.173479408074165,9.081192667998604,9.642631834972464,10.068301822012613,11.472822866136866,9.686837412558209
run,11.839647393812673,9.331599863161804,11.935122998665351,10.551822428706426,11.414037236800993,8.67762355256917,8.24458570432666,10.365942770562821,12.484980194828276,10.56134747071466,10.537757015117952,11.396308889806518,9.820608776602874,16.158359482507635,9.438251189211261,11.159367958085868,10.98747318017602,8.511998658513075,11.323165471813459,8.220045704010868,12.131563856759193,11.478614485478035,10.028175318492085,12.881956737545725,10.759439354388313,11.81432020305611,11.257818991138794,11.655139219647058,11.256768409604947,9.207971415245607,10.36497807588854,10.387363426431008,10.419870534507679,11.656365431283982,10.316558012888802,12.211202794657591,7.643752591864692,11.313981860263462,11.276430446489487,11.28219273568314,13.325309397905146,10.010716874064045,10.277182924852577,10.21375598661289,11.094775075375066,9.042897273872482,10.138857869094332,9.829471732434518,16.6885236304955,11.633523412209792,10.37063231946095,9.302278324306922,9.588645688583956,11.878874220884187,9.94385804497917,10.02099487219606,11.706707112382675,10.976803056090743,9.406733597520086,10.518764798654662,9.42694258750818,8.409297386697304,7.264657744663912,10.614542488414994,7.964587386390944,9.377101814923897,12.012666909440105,10.32784725888543,9.870386701776296,10.951583778093152,9.845350155289964,10.26371588353711,10.396022755372373
seh,10.660599437489337,9.321745199170808,12.298397529847295,11.074357878174585,11.330494336497155,8.445206451937386,9.146618461302342,10.23575791783276,12.598172994031339,11.062956946526677,10.104533085476628,12.049287034806481,11.617521141087273,11.011838889577145,9.622880755149438,11.552439231360168,9.572912491522542,8.558759657372864,11.753120744491726,8.15182719754305,11.121891768275221,11.120473910008922,9.51462488447671,10.966954787233842,11.641433525671923,12.093351951784905,10.185253691046125,11.281218636868237,10.083747534173341,8.303558849900995,10.419267779698375,10.679310740151921,7.652218735938241,11.248736337599754,9.395535309186538,12.700350376100705,6.907097117557076,13.344146789712369,10.961522659682506,9.262051522931047,11.596939129510035,11.269290450203265,10.103457554342587,10.299726306843684,11.563915759587552,9.309488857187294,9.716786645532514,9.2202743957362,7.935753069326003,19.289839394765437,12.387002784942933,11.007454545865324,9.423047395798223,10.307131536767484,9.767518986159802,10.63492036312598,10.822952424860825,10.237192364472964,9.152211127268828,10.419782010006855,9.10134684739496,8.064714140618575,8.028699797035301,11.086993595547211,8.373172359069425,10.07766472808271,11.130017618422977,11.165354828817929,10.438898758273101,8.781174149512761,9.210446385923156,10.217488364585726,10.110079124547864
sna,11.576253814315368,10.456130443362648,11.363246069251641,8.769842330245082,11.40685343285866,10.143058682266142,5.38062215030592,9.257622085710345,11.833478119660953,11.568842973214775,10.886355916218736,10.938753684587054,10.980676399391337,12.441282965367627,9.071807991409358,11.999708182169137,10.38215403165362,7.031430068356376,12.117165810225204,8.966456233677187,12.473099439505527,12.722748398065036,9.473033107429389,10.132058056911584,11.30133798279898,9.968318978087355,9.750671120805421,16.009527614921023,12.478804199945074,5.972356902992799,7.4164446743308226,11.313683377424423,11.639309550712404,13.044454715728257,12.147341039248438,13.231810473405927,6.545967465290069,9.781672183773866,10.642090108075536,9.593584977530213,8.494311526730588,10.370760749255357,9.412079351551537,10.531150191822332,12.405453870530843,11.123301351333236,9.618006710672491,9.019937916841817,10.719705070010269,11.730405254565346,21.97458287683972,10.055085795800482,12.426372522863694,10.861157166925,10.183889617637238,10.628769000549717,11.227682286064772,10.603368414524526,10.152200117081769,8.460159681729465,10.391357305544417,9.320409789668172,10.37268396172584,10.310814045352235,10.356917108710615,8.977889114210894,13.036164645896934,11.239310942673761,11.901240526142471,11.813432990476533,9.116523292147434,11.658392503784254,7.984635514629979
sot,9.798656690467947,8.767989361192168,11.939035597141157,11.105975766431232,11.23883614430126,7.882305587611506,7.850723844827959,10.203617772419651,11.999482365140668,9.961105060919909,10.98828821671769,10.404072470022285,10.775305969383949,10.282376912230546,8.262859088501303,9.68579613844838,9.991891329425293,7.230807776469359,11.78536419510165,8.237738407705447,10.866998858866998,11.661411327579376,7.898812718393558,10.76007435915614,9.211091913274126,10.963854946201398,11.043619194319977,9.887163209948758,12.528802482768278,9.049582174467643,10.348372822975472,7.441492632672403,7.7930524917458985,11.555701725768333,8.653966095504455,15.049244708541762,5.829748938954862,9.57534304959055,10.59043447309181,7.319392544474021,11.712384114122674,9.768526930023889,10.245333484342675,9.378430753958707,9.514243082347848,9.468629060002991,9.610104070943354,9.440730432006617,8.687909569853618,12.144610626462923,7.264036011302609,18.899149586881965,10.358228333323675,10.271810872566924,7.628244759676821,7.46907168079056,11.66394971095001,10.428482949535997,9.91664579715265,10.813466500501043,9.758851406930676,13.227432535415312,11.70892492509478,7.516707782644833,8.221165429926039,10.178698372372866,10.69267800597987,10.685699287695536,10.463558502994912,8.96289738459049,7.487293367475398,10.154126652976348,12.420815593123685
ssw,11.57889345387201,10.542524330350822,12.465963534688933,9.982405387376405,11.619498785300257,9.110106198876714,8.334418705071085,10.661170073440626,12.490807848187378,10.22576744292037,12.215903613044619,10.381935264359832,10.869297724755539,10.354538066072433,8.974224982021953,10.94047006726289,10.164698687895205,8.629733572476903,12.259302201230081,6.694597114114743,11.345477461205022,12.078507831417978,10.1039751230963,11.173902764472675,11.567987892361433,11.101309204349088,11.101538701602047,13.57796348398051,13.510323661265986,6.539252293509926,8.09232274345814,9.561904099797957,10.350548646742775,12.133484634779942,10.702048573784841,10.695165028377602,5.7744869622688615,11.141516684027183,10.872125529255642,10.432814858322255,10.224153442919427,11.452884068007094,8.136350360035607,9.245491234849748,12.55565350233035,10.852437199710737,10.034342571460972,9.945353985485712,9.102275301684266,10.768874255351236,13.170621012279677,10.848985816856219,15.518179524059574,10.858507791185065,9.462733343636021,10.039637205735271,12.303340195889296,10.85187516079334,9.823600727985298,9.337856573555127,9.196177192559313,9.033572245971431,10.865932949885353,8.82841916189458,8.34791031656017,12.099706272569922,11.66408002986194,9.621998059361433,12.981567554854243,10.511335853565413,10.344672205976359,11.386324721094109,15.657976709280815
suk,11.790182422171217,9.809565879450709,12.10528314933172,11.362156144634463,12.251150390892349,9.042779105538884,8.119874923794319,10.620723827558583,11.719012293860805,10.853883455970042,10.922422668179763,11.40200020521933,10.334545358172829,11.629421801258232,9.804047539840068,11.12065781756831,10.800638203185953,10.140450959463644,11.140686104225935,9.426394708309104,12.063535226859628,11.327850543506491,10.262562506267976,12.109769886560839,10.98928873443634,11.857905442682418,10.722915175817256,11.515901910116895,10.96740603169552,8.985866723981704,10.776545721337994,11.614360340404053,9.078515021297521,12.747996933807224,10.6354029159941,12.987841092917037,7.293329781588446,12.195333765067168,11.446311742392552,9.409760263833403,12.288446354564861,11.07184912795549,10.063793658316555,10.394857825254672,11.36982681446057,9.8136844120776,10.740467495900706,10.548011419046437,9.856312372611779,11.381767913641813,8.48379861366907,10.040695703676954,8.92552708627879,15.664609405353373,10.05775122515627,9.603880716393428,12.620496660430828,10.007222666411243,9.489031111698937,10.78350611342422,8.81613957041713,8.61402072385968,8.004354449099807,11.369690081479519,9.327715880806938,11.387113895835332,12.027374834101156,10.140146286540903,9.926188109166633,10.231948118458025,10.399891723795482,11.075223990555376,10.30740262448207
swh,11.661165184679035,10.491279172927813,12.987262026336237,11.987137044915585,11.775137096878643,8.61578566629428,9.400464079507477,9.944357379927398,12.715341966703853,10.447942759075547,11.503408434552815,12.394990742566396,10.546304817124067,12.116073515232461,10.652744467423462,11.2752586963686,9.772507577786534,8.501286743900371,11.996533506488277,7.931497405106722,11.628370378851454,11.366890489933853,10.539127425591433,12.107626965778397,11.034023962094984,11.575105010599861,10.844222077555848,11.440055911321226,10.443743461145598,9.86622808247957,11.781504305162175,10.556929259306932,8.444306521077792,11.40968280540952,11.46157609086437,12.719143239817276,7.131215465066192,12.908608769412174,12.067878561841392,9.85143614041862,12.216552249960715,10.886381145799636,10.806084199855988,12.203029305510812,11.926718960050051,9.783911711703361,9.91832279857877,10.935007760821497,10.6484667819178,10.574585435001701,10.933499143441107,10.837719208948243,9.571420267725452,11.857434796509896,15.444600189965419,10.943769433772003,12.121932391462932,9.378720388724123,9.358886872017399,10.774759316198283,8.909098718475397,8.172595818040438,9.569041445038895,10.907933852994615,9.365710480249222,10.89821443922566,12.41564228983195,11.365000364129804,10.429455277072611,10.026775079641407,10.185524185594016,11.09682194923643,10.483345564845974
sxb,11.34850696394241,10.955046816089146,11.825287393778313,11.389265042349617,12.290765657290144,9.107683053536595,8.738559537623662,9.404160860091816,12.892657842849218,10.148703550030989,9.472419363154321,10.832146648700606,10.259090062726663,12.121206346620804,9.594291425983416,11.14424493355632,10.332654107851386,7.165657697352016,11.910125216971995,7.650334212835674,13.203856169250667,11.038361299838897,10.631735986241104,13.480348584011475,11.154829898239056,12.308677562243867,10.547577699951587,13.201330443398215,11.370023597353065,8.746093976643131,11.273411197638357,11.205128859512502,9.779970361206965,11.402103343727688,9.671270107190939,11.85769244107703,8.202635042717132,11.446403098741733,11.08577768465586,10.447564040227586,13.017831701550056,9.86705217225591,10.722534613328298,10.735251529940149,12.607132422247066,10.706107178012262,9.571801433466968,9.636890815243113,10.607518085672014,9.596704823299964,11.3054467326041,9.3483519390088,10.574376753321324,10.452500586600664,8.997382490721685,13.567592774805757,11.311154901965004,9.170216315514864,8.692590478424778,11.681089484712945,10.493894545132468,8.585877185143,8.944915894959609,10.734665913071684,10.26809467890849,11.672159897888742,12.630678886970866,11.282116012423241,10.431953127126011,11.376266250592655,10.208317181277117,11.106325451551974,7.685879785053004
tap,12.262561232240785,8.798558889877611,11.505139729537603,11.187238231273803,11.282978195537755,9.028874323740556,8.6688022638359,10.911644661433158,12.456643809025792,9.678857462054715,10.343473514814365,11.649348917493501,9.936303169899608,11.896126443087049,9.51000958102695,10.710453182413247,10.119386449793392,8.622045441687346,12.85227886884078,8.960795227494977,12.602371248096564,11.36271226233809,9.545996260892885,11.883118285594243,10.81372980874448,12.303188562460987,10.360303371212911,10.68985399494001,11.582496634963055,10.017676545865537,10.60530920436105,11.276371608714514,9.140850451834122,12.335298161277084,9.369698857137402,12.419032262784784,7.4587975061964515,10.749695215369204,10.620718109746592,9.999219256192012,12.68640449790697,10.863603560648393,9.821714910498859,10.249963334635114,11.443433875968914,9.771901473646158,9.922177833139468,9.530203921673913,10.080217023947217,9.428292226466661,10.14023234047932,10.807238664411212,10.609389467632818,11.70069391959845,10.469894505731014,10.22231284651172,15.386366479448924,10.567826777703333,10.449485349748649,11.205064398764964,10.269191576834114,8.314057685310656,9.196502883857399,10.429331244761237,8.454346567747333,10.601298660029848,11.931364030509357,10.072552108934596,10.143872765817786,10.855922664114939,10.070604522662782,10.790375410829906,9.460732554552
thk,11.310627275206134,8.86672491535372,12.040608861474116,8.36326463094318,11.018179135487758,9.960869070957711,5.478372466203535,9.259685764536517,12.595531165288543,12.358681690814317,12.083496987135515,10.914644581898587,10.6005080806242,11.465150449566035,10.116977061624988,11.942747231479817,9.764801765446835,4.661829083170158,12.39749641106461,9.824539807977303,11.236779892019886,12.1195523387664,10.808281072220291,11.286426708870561,12.193210475627787,10.17358280247954,10.08791011773461,13.753455699506947,12.18431879771546,5.434825520995694,6.952667393122436,11.046648799809422,12.778410947995756,12.75283144573126,12.152644869018847,12.22677239610407,4.757695038950766,8.861969329835691,10.820714688587698,9.668186333690798,9.017757476714083,11.58613481239638,8.475961468929787,10.473126447709582,12.0926344404063,11.456358832289311,10.05963690404366,11.04918501932595,11.345465062348183,10.916371070023581,13.872156044611547,8.692362898396814,12.790111376333895,11.74429668096316,7.835524844476723,11.223737594924282,10.72068620605883,14.803908717064035,10.478671442860254,7.7353847699651785,10.87210268701699,10.334444805225548,9.69443119628684,9.432413308622266,10.35282560173953,9.03144531600321,12.206330423744374,8.49125394979497,8.874052536604541,13.05930757614785,8.523408808201982,11.142399101989845,6.439626567672615
tke,10.712964175615692,8.738687850868994,11.587882760515523,10.71880280219902,10.919872129664771,6.496433138173326,9.369304117019519,8.862614643460107,11.876670198789432,9.424393180587415,9.6731541273652,11.283528296542809,9.671379744443879,10.678222026613476,9.473206559715132,10.673424768289651,9.612682901178463,7.175287143088617,11.173255080654455,6.723138580016953,10.64003877275662,10.885781449548348,8.993962556199735,11.26059552384683,10.783648256026982,12.09493118382616,9.740361952748176,11.23607811807871,9.548725199689743,9.538772107735742,10.104122603694197,9.723060826382987,8.738924686357178,11.456880378445145,10.002390408465462,11.021314660527302,6.918592145835231,11.616552953147618,10.459704683226176,8.323188827626085,11.492627386583447,10.090816533511756,9.532689624924977,9.867117615053294,10.987140225147108,8.93999223725141,8.428145871049953,9.569535043312536,9.548421105922854,11.846702593014982,9.766492957080837,9.534635533103595,10.2865740010835,9.980105172669173,8.777191501064431,10.210644016657195,11.436383774859388,8.428308303111862,15.281744675916997,9.867685253253052,7.731337579772371,7.8773991168823,8.086306271698279,10.280210377536356,8.743669692168647,10.454528710109646,10.77056470826459,9.971381397887717,9.020116579485894,9.518088487582084,9.911072387329394,11.149695716211692,7.768128088250073
tlj,11.617893429662926,10.24119619429051,11.758852929690285,9.285020716679778,12.270337418679112,9.465750378324698,5.167162955660095,9.74297142135567,12.762150382972154,11.957834053132043,10.266690777798674,10.055834215677145,10.662997116992944,12.371738105414142,9.963247536208982,12.187199788153194,10.9803346156939,7.00294571174164,11.254189693013023,9.349038293552484,11.416890805274088,11.818397004889155,11.17867469676472,11.878846645040605,11.570544804725195,10.920797616648088,10.695149679649965,13.38998167621012,12.558158431583157,7.21482266296512,7.845545991716526,11.451253894535501,11.79948474756847,13.28989127576587,10.82238284414865,11.723086991336677,5.735193714240184,8.763443854715794,11.174206192097895,10.799564235198684,10.876226132250787,11.231111320050934,9.808974919834998,10.382870263804733,12.583079194417907,12.77289071319647,11.211609965005565,9.984668627031883,11.346558707390692,11.562184071244532,12.151563208914345,8.759333461398276,12.56510717279484,11.236761598189352,9.62719702399798,10.824643745099399,11.82205525465252,10.443999606333637,9.374562212915214,14.452520242189838,11.428424643634747,10.56315767884215,8.810480005664695,10.037170207638697,10.495203793844395,9.138442379850707,13.436973297857072,10.770542050688539,11.662139734014277,11.841768508688208,8.956858152734757,11.580479999566675,7.784020177011816
toi,11.449537753982373,9.21847663971173,12.281150940091335,10.193264840853985,11.923020053614026,9.010879429240743,7.57372002141945,12.939080803849937,12.187529491704865,10.322072431047275,12.216288201078772,10.406712015301196,10.50117653879955,11.678312863978872,9.946701291275577,10.255592624501068,10.541613258411992,8.794509059599573,11.486335225614955,10.058739177805215,12.140440046485358,12.182328092461535,9.99147281227363,11.834972426936677,10.30184181685045,11.705171242826957,10.899321928784103,12.302572111778169,11.963631334630946,8.35044821722241,9.547337086898702,10.021922863222217,9.31056683292599,12.753251419988684,9.893100592804815,11.892643571517365,6.354052450768324,10.926681795932144,10.806540733271367,10.085509697350924,10.839761285773676,11.676825425347639,9.120711184023515,9.735807235781671,11.862644934232474,9.900476989820797,10.208459246360544,10.102193218428,10.384898472468777,10.162101570714862,12.558530063643666,10.324340307938193,9.930775459303359,11.532557916079892,10.358289859806977,9.965993253943468,12.012417486557846,9.741665293537721,9.921891851324963,10.60537771630348,15.982573765223618,8.853485554153114,9.130899628371896,10.76428476881415,8.617010230950727,10.705686601652637,11.869915219275082,9.573517059944713,11.116546318533656,10.543366040940757,10.35005310476757,10.44365382729519,11.496663782782333
tsn,11.462047385234404,10.138910016848358,11.503830738677404,11.380449656103538,11.7404734240645,9.603425916324603,6.964907011435099,10.583402096612442,11.881567793588637,10.13230052440788,10.876704079643188,10.648167588665283,11.56333105019285,11.930249361512784,9.060209731999944,10.174439683598337,11.281493260222991,7.884416308068492,12.065668725475081,6.901094120268884,11.010141715997305,11.89574275536719,10.065706639735023,11.227068370334225,10.858042266270502,11.374467969187966,11.049321134987764,12.963343883509054,12.817561074250971,7.196847402603777,10.105799122655979,9.162982980239153,10.071744745870257,11.776146171100146,10.92407046993054,15.439848426780294,5.433209162146896,10.728639865622002,10.870540690888403,9.247139645449346,11.196179914210138,11.122432536959458,9.856766596904237,8.657226666926157,11.690361655573124,10.1582315990256,10.476691751710817,9.502635122914775,11.409336651237046,11.111021971916264,12.053442836478704,14.578890431781428,10.036130237935307,11.003478115908875,8.100077919649523,9.430317879776998,12.477276679079385,10.480889497645956,11.265167728512083,9.192519608604771,9.580520452784388,16.94932323825435,11.535320679194923,9.460555352222661,8.693416527373577,9.726671027715017,11.89424826138841,9.819083361238286,12.058271442858125,10.263217276980251,8.747334631202438,11.99830892891509,12.839432601557533
tso,10.707127929043146,10.244279113803529,11.508729474610476,10.62475182209279,11.936690958631806,8.037353563461416,8.503155614195226,9.456102820923284,13.246097297695508,9.700335884709157,10.483299364405365,11.742876518250988,10.734800085275452,11.201049610166358,10.130200675151109,10.428723534874417,9.037232482789252,7.247984436608045,13.126148009963561,8.23253752957908,11.967155639227888,12.235242276781628,8.987299706202034,10.903647975557995,11.016446916558127,11.922232662019436,10.906043919384507,12.155502513008186,11.12383613957787,10.114005991331917,8.898462935796529,10.54757948708698,8.523376498687888,11.956685808599456,9.249155269106602,12.60327734070862,7.886837480518638,11.52713556384822,11.037565698807885,9.533159388079653,10.568762153894477,9.28214218941192,10.003730134383103,11.215570928805912,11.772559328960387,10.989535117912897,8.984157212886897,9.058641225093451,9.085243403658536,10.659122317674642,10.96229215901305,11.215732576517947,10.525432134604769,10.491233921614079,9.316976128738187,9.824671122298497,11.181331746551294,10.058654825874884,9.380401464172957,9.946180292145112,8.625605332504898,9.055172217093634,19.979606823243834,9.635832435537885,8.455667557338877,9.840174172121015,12.493513069130643,10.485675049008798,11.655845373738172,9.993300935077967,9.781629581912611,10.726672955628969,9.391331262520188
tum,11.50599310962931,10.662071507473085,11.989031874283116,10.178521856180755,12.374029329864378,8.705028990538047,6.753623479687895,10.414890961538818,12.640029844877956,11.1172187464469,11.079248236659907,11.348444132090481,10.62443843874152,11.922568560660569,10.406457296840957,11.933222134851139,10.782752859740203,8.78641597297483,11.707891137958487,8.434125706184549,11.7840383726505,11.942680377089298,10.427721461777457,10.798020552390796,10.969309983927898,11.488975617329503,9.846059662154827,14.3618930646945,11.25403947460294,7.6974619098653285,8.726803936871113,12.125789479957634,9.935199528044993,12.762213216814708,10.671177230353079,12.776194224455423,6.656778261229721,12.804271014535004,10.673312616448468,9.850832048294848,9.642795093479272,10.359525560783892,9.859361225158601,10.62023160518184,12.093946459332624,10.967787751282183,10.197279942057506,9.924879006350535,9.982113191278918,12.26816492517556,13.303917146428049,9.702464363761065,11.268435187413454,10.660882151500376,10.620790051758792,10.794096478623453,12.16517189940179,9.758059547940508,9.873567314269451,9.264517925283503,10.217685935488714,8.899724178856733,8.655259793163003,18.517625810332223,10.323268553310692,9.180784019678429,14.10327131116294,11.461288898564282,11.913746025175962,9.584722048253118,10.619580916462283,11.81204765746538,8.801982543914201
ven,12.037936521740715,11.041592276786895,12.559676581043622,9.933988163554105,12.852684397210862,8.956777897478393,7.033803354177988,9.848115813764995,12.893854258412905,10.53901096015344,11.747154781742344,11.365635632101835,11.184160206685783,11.981465016006373,9.83540910832098,11.751753359889891,10.316426426840161,6.98068410903212,12.214322956541041,6.879955629705472,12.523539286761668,12.413981482621832,10.17285654099078,10.868855262179748,12.661679773762605,11.139249940803426,10.999034899482146,13.693783182140077,12.150520699182055,5.971076444809615,7.838062849154763,10.816518612746902,10.68330911609712,12.58977471173571,11.2129342737353,10.27782702704652,5.555596082645444,11.014012195237925,11.041912243519798,10.089184127816763,9.380115438937345,10.44678629565145,8.22616136528275,10.85246862275557,12.343848848613286,11.712147368309765,9.69081371205554,9.62087411499497,10.23123431359705,10.739763786939603,13.708673898693343,9.028725195774987,11.617795768884683,11.788667780525422,9.707858356005898,10.590333982790998,11.823802314802796,9.698448053675667,10.021182739632499,8.541359999850604,10.213018761481104,8.816212904248975,8.759908615483631,10.753437140626982,12.592622569491422,10.019844814840786,12.76701370799263,9.053082997343136,12.740459906049972,12.167145826686284,9.112962400712426,12.600280879435477,8.391720718255332
vid,11.234970497798765,11.760050530818475,11.773638006126564,9.894200004176348,13.134070006694564,8.80013899753758,9.801370707721858,10.584164151313995,13.091185305219874,10.422777466397639,12.119842796606255,11.922511058537754,10.70927689573351,11.123543215637078,12.115838067954629,10.876834144520961,8.804231468992187,9.691559205720653,11.606120084573824,8.600160223330898,11.280652976266076,10.809880604314637,9.864996799386462,10.681595755205556,11.330706106386362,11.970432831992717,9.805697680845855,10.497915703045663,11.150397686741114,9.940895269660713,12.330084833192682,10.222511525646235,8.904691333997771,11.828701907566646,11.019511335402331,11.90078553731526,7.775030060650755,11.884721437782186,11.644584640048437,7.780017702156067,11.640554651078197,10.088298973392611,10.789503138129767,11.118093647410888,12.34204028184411,10.43267303531367,9.59032743333059,11.411293993179878,9.121786355620847,11.407227165791625,9.945712537143244,9.447552594931558,8.29605156039047,10.803287250871682,10.526513051066871,9.84216739029685,11.526601377159059,9.479184666313877,10.033129864042909,10.394015318385877,8.494084145100878,7.978496564794272,8.581889644550188,10.73031970673261,8.278133129167816,16.462427811061893,12.14484303817618,10.774264317815378,9.86848417008779,9.569095736453864,10.2656202714154,11.486441270489587,10.764499974356992
vun,12.07288613296779,11.387451099169713,11.777294094171767,10.224652744780142,12.851507724372269,8.67336144462988,9.130958930960913,9.971923960931898,14.281584262606808,10.905346722149277,10.973847261706581,11.24899381560838,9.981948097104977,12.020504712937,10.444519693361217,12.634381984880557,11.345336366246821,7.734030895644743,12.249388981442122,10.020945461473953,10.380828638313865,11.458724491891308,10.283468255900626,11.654530211948048,10.866696247610909,11.450391194899968,9.934484097374563,12.904791225783404,10.943563143313744,7.720067288736626,9.620806117833357,10.843195519934362,9.931566770980753,11.807409605533675,11.876810085981688,11.627461527920577,5.399428269534078,12.598516641621723,10.726898320253559,8.830229083497636,10.985237129511425,9.429689358037601,15.06634855533871,10.896361185650697,12.328054495018106,8.91199344086925,9.653879848569826,10.98745222133993,10.260796025895292,11.607272090794432,12.922986307716625,9.734894743936954,10.707019427099722,10.95277401520552,8.794185003799354,10.744215209556204,11.846698159552117,9.64759117551512,8.199694664548772,9.260256809235369,8.981691412469177,7.956189907115213,7.897897193472263,11.053155504289542,9.966707289847749,10.492069522410208,20.714552505920164,11.152186413338866,12.238415749273056,10.319994264982897,9.813729908298887,11.865618519502389,7.816112039702689
wmw,11.438965737904635,11.055965836432296,12.505619755837053,11.510142354444799,12.383942156352475,8.677758722549097,8.036672850495291,10.011570745617906,12.704152669194546,10.979390052097502,11.386817865130434,11.657111832974092,10.62387159719072,11.306945197866575,9.899549643783264,11.980383540704725,10.322396634583523,7.626174670409662,12.705141555359708,8.074602752426992,11.630388706952605,11.603319691158006,9.827461256743437,11.43994916924805,11.338768961690668,11.678499061116302,10.559694690658675,12.969987473923494,11.465093949178572,7.865499050241908,10.583713970824313,11.60393841588807,8.606639281417209,12.176190562743825,11.12856754844001,12.674381824051501,6.418954501814862,11.684721827355329,11.627581618626552,9.356226247388348,10.796644183682359,10.608721943753602,9.85413601975036,11.403850978817415,11.856837380438346,9.318070654496758,8.884386368387732,10.910995727541957,10.142080484405291,11.34401464646909,11.271512844540203,11.427372875248887,10.205361022346215,11.471669485064567,11.225909887296,10.915107372207233,11.284365416714422,9.423892595316289,10.019965560484987,9.855564779745162,8.843988613239873,8.687066377651274,7.844089556665726,11.217391430033986,9.478460263623289,10.625218499370243,13.159969230026162,15.708666402777707,10.071679876816837,9.884723603530945,9.57546835873832,12.018936680498161,8.500124754052583
xho,11.570688873462972,9.958848456725578,11.78511355613581,10.668481945748729,11.575883494911974,8.37837839670717,7.465407903382619,11.289667216314024,12.749396184186,10.429233362681444,10.232234326641636,10.952040509569189,9.44168889451123,11.29010804252677,9.408834067215958,10.355952436988524,9.915521252079706,8.08379364308317,11.07173837285053,8.105546596165398,11.22528952275814,11.424912299359786,9.499316392749767,11.432994566958742,10.681802798878088,11.031993663087022,11.421594714563717,12.123780453611046,14.128756558621792,8.745174451664846,9.415100944356517,10.145581185203302,8.375435729240662,11.425052748378743,9.491872899316018,11.180785695023644,7.84318962196779,11.262402487462124,10.713749246645417,8.721095130020174,10.906211572688683,10.497542362234146,9.430218079792564,10.497729684335354,11.666343829657693,9.399345160044504,9.702384293139705,9.628940160381623,9.746527434265188,10.863547933432812,11.101513882551448,10.1207188129117,11.029714703837653,11.326168891101993,9.83047165007866,9.54650284261691,11.655482171840902,9.887863556290677,8.861566709374518,10.444297956141623,9.481270857711332,8.376416805226253,8.526431353432697,9.648558787009293,8.5924909921737,9.445575288244385,11.321412278546877,10.70861707443206,19.853782995185508,9.034403399598686,9.734634777627752,10.579733866322634,16.141990265972435
xog,11.796541726002616,9.711352002562313,11.863033007704544,10.87114182129236,10.510921952578665,10.129906474136883,8.652089901347033,10.06437950699178,12.867638426272302,10.441802886317141,10.520386832133626,10.979046488790646,10.271810923030285,12.993268294417778,9.5378902872404,10.829418723633182,10.650956614496138,7.323984031377109,10.922331412629886,8.510934703770493,12.230840925583124,12.088710859082301,11.057906882085373,13.807892855426276,10.465859275660526,11.685415887176662,11.922326326292659,11.358224007527951,11.445095065291179,9.270791208454526,10.23262279417838,10.653290053544632,9.84590185961366,11.521392275202109,8.96879489738429,11.43516109683542,7.805923717897816,11.639127962376913,11.101858696779553,11.361153225040683,14.182446485097067,10.944940620837981,9.95270411631681,9.467747603961948,11.475537917834009,9.396809083011854,10.762320324151343,10.273569021870651,10.79121896852325,11.044647251800725,10.629645093751627,10.762283829083394,9.757701591291452,10.809390856023878,8.989328126713756,10.205789347061215,12.102777722750872,10.763710883550552,10.252124625889335,11.081129436647625,10.220245705088473,7.642074943312601,8.499645033380617,11.285406807523211,9.068779274297647,10.558019971042189,11.553726254015045,10.553404437430935,10.563971167996105,17.174931462303224,10.087972599392915,10.73763706568507,11.576707637053309
yao,11.769485465808598,10.8124441494297,11.623177008609154,9.948304914750368,12.297950063125864,8.684121766587458,7.28383647564929,9.78492301645259,12.85411019426778,10.772513111180704,9.322373430988415,11.756944213492826,10.88283324702236,11.471227900888382,10.92555151632166,11.587039433311345,10.77172566791751,7.55792838894295,11.674907392138534,8.193869923150936,10.677593720458036,11.74694159368211,10.595534231568525,11.084597053400897,12.629972794652677,12.083893279078755,11.109110502842855,13.776834201283686,12.185472059814735,6.896443811282929,8.778965181343722,11.421916681449865,10.081654180250148,12.82776096140501,10.641978188555882,12.539794462958643,5.9100404622759335,11.384123383375993,10.27436004131173,9.433196125719824,10.315590835514934,10.278298510964932,8.696829186926925,10.023734576422177,11.90828815300125,11.090618782757353,10.008499094355603,8.96440636048776,9.899297949217011,11.86137983204157,12.381859013772182,9.395696202480778,10.771346933542754,11.097130649241796,9.419219469022211,10.974917161917324,11.816723324387393,9.356152503581917,9.458482807714327,9.590926849734066,11.148551713658186,9.268445015617042,9.05120375596589,10.747848995626128,9.420407536856212,10.240284976634118,12.756491676230825,9.950782085259624,11.35392385233509,10.552671458433096,13.313182742150161,12.283881249892922,6.609199576988566
ziw,11.373217401118406,11.934817559884383,11.933886925754248,10.39822346126521,12.787194621348883,8.338740903201188,9.246531463685386,9.5517342403258,12.642852806443635,10.484579736696558,11.441444201925329,11.897985958645977,10.041128935865812,10.894501028105552,12.084681796373923,13.29151768188343,9.377994278927972,9.75766127773176,11.986695167031442,8.005435376561893,11.048623575826957,10.684756347402246,8.945176312071073,10.916520744262016,11.248949291460857,12.197265694266337,9.898818701798644,11.34552669762258,10.13515299139748,10.090357476547721,14.307502629291518,11.086835511328728,8.804397560958348,11.414764498746052,11.21361348356663,11.753121684907999,7.2126816527548,12.67976016219857,11.375845204865339,8.68811095974264,12.012818778385284,8.842249091934756,10.34892127514728,11.374416883741366,11.930515977151892,9.455702627150721,9.278393494695552,11.011109274699427,9.753043504098736,11.08227686858723,10.531818806231668,10.152065936325922,9.187248515061972,11.588195556508715,10.499394924229973,10.151146891197484,11.090167645550492,9.845176340453618,9.57725988137317,10.757808334144999,8.614873699455176,7.5843371355490214,7.992867385572587,10.857469326942471,8.610549307367666,12.218056271075163,12.04919499108307,10.600210866438129,10.125385193647775,9.344497587530167,9.831050805537313,15.969846681484254,9.126980600629219
zul,11.682492939259735,10.65753349636147,12.139081796653775,10.313436005357197,11.896331136975133,9.52477838496698,8.230762265762651,10.901344203677743,12.686681904953792,10.50291972072339,11.813789710956579,10.485565256003504,10.829031431288904,11.204072765324689,9.489730987327134,11.501347188479038,9.764160048615095,8.772362061558194,12.346484061628042,6.828880741036185,11.866043184447607,12.178011878907919,10.005707749831268,11.35671446028085,11.117081004026673,11.14186868264548,11.561950569541434,14.348924257277465,15.226171791609397,6.989605852065423,8.130165061797715,10.16114610431829,9.880425726482871,12.050747124574135,10.31264026444249,9.821908793552423,5.982269708534237,10.406538914163301,10.387834435806708,10.247615872413123,9.916662109304017,11.318290570499656,8.487247651954641,9.952359677753265,12.247722722400416,11.443041611206384,10.085957418182288,9.704385088516187,10.141574330575684,10.190850498489471,13.396095709621994,10.17513606693429,12.249441958879492,11.330515432032895,10.167749808997424,9.797082817322496,11.895568163526518,10.472835711072094,9.862516235037104,9.59411730675155,9.69428828504845,8.455730580990481,10.513959299260929,9.221527847711934,8.672786244819497,11.788109151412122,11.32203236405235,9.352201565443535,15.440403542765372,10.216945141020165,10.14858002373648,11.55873257143618,19.164138954705727
