,ace_Arab,ace_Latn,ary_Arab,arz_Arab,bam_Latn,ban_Latn,ben_Beng,bho_Deva,bjn_Arab,bjn_Latn,bug_Latn,dik_Latn,dzo_Tibt,eng_Latn,fur_Latn,fuv_Latn,gug_Latn,hne_Deva,ita_Latn,kas_Arab,kas_Deva,knc_Arab,knc_Latn,lij_Latn,lim_Latn,lmo_Latn,ltg_Latn,mag_Deva,mni_Beng,mri_Latn,nqo_Nkoo,nus_Latn,pbt_Arab,prs_Arab,scn_Latn,shn_Mymr,spa_Latn,srd_Latn,szl_Latn,taq_Latn,taq_Tfng,vec_Latn,zgh_Tfng
ace_Arab,0.24373511013796606,0.09735540431404394,0.18920858939700633,0.058461829283927944,0.06123948945714342,0.11922819344757146,0.07462609380685278,0.07555472274435746,0.281334442290155,0.1972222986473944,0.07992270214033506,0.09372325837263053,0.19767859124039888,0.006342689170874018,0.16582078276691853,0.09702329482310125,0.21403438209579836,0.02177631335175791,0.05097244956104925,0.08164555003009775,0.12501264232018866,0.08406002222730526,0.07037695246550262,0.14370471279886968,0.04900842478910387,0.06316432200729716,0.22253249590157745,0.02634492152849069,0.09726794332078252,0.007038897718287249,0.02046646138225581,0.04522367979243815,0.1365263240683186,0.18848288808237088,0.030721979881172375,0.10877303497405696,0.08183516980364601,0.12429618857318374,0.2057135716643419,0.0673956334352499,0.09883443869446144,0.12858393346610117,0.08435763228674299
ace_Latn,0.12597615215727243,0.23327332744329374,0.13390693422980654,0.14385094074394494,0.10949464477705877,0.15659900131430096,0.12441692812750266,0.12026300628106629,0.15954513858608924,0.2047835356946651,0.08940188440792529,0.08281034014908903,0.15393375333411777,0.16687891348674613,0.03913302222369302,0.07164467642096406,0.15044782481180705,0.28184504605349886,0.05977760959397552,0.08087501062569441,0.1305451172663075,0.1476515457028574,0.10258350666369953,0.09969173739090643,0.0688452043044108,0.048080809918875644,0.10808646771143554,0.15380232050841758,0.06514798762547068,0.07650243975787874,0.22950287533234523,0.04573787667486172,0.06821122671820305,0.05463118959459725,0.08140932861982511,0.1169491608627693,0.07530848588062543,0.09481359347878389,0.0960744041065614,0.06903438529496142,0.06667338107229756,0.13381822644691693,0.08856792096954823
ary_Arab,0.14138920056102702,0.2002352589925373,0.2499911655403768,0.26468072257447256,0.0958479192741773,0.1359216541856267,0.09095309571206833,0.08539906592001925,0.16653195580592314,0.18278917279769685,0.08805819295205472,0.13175883818248257,0.1503866488559478,0.02379449121000347,0.18036213530525522,0.14457252871584114,0.25974811063339187,0.0458534409375926,0.045303948567768856,0.10097528363867136,0.18298521898961517,0.11691574847509562,0.09096281134174466,0.3461095783318436,0.05909034387772514,0.07483608274111898,0.2509142123202042,0.040158347867984355,0.1247487317459507,0.007193975910849673,0.006309991115306619,0.05017378540471728,0.09943668786864811,0.132345057257439,0.03269111394104372,0.1047525996983533,0.12776869026066048,0.21554359294532552,0.19426622787030903,0.1226445410435434,0.1338765433034012,0.11564328731374546,0.07677736865627938
arz_Arab,0.16025812256813418,0.1990715578413495,0.28925818063194025,0.3378589240256123,0.10407455175748642,0.18214183894514188,0.09382631426953242,0.08366512980604146,0.17337344669324456,0.18527648386259335,0.13179390895761398,0.0997267011942988,0.14610270170228343,0.020486539041376317,0.12914659566471534,0.16144537351567373,0.2677263965090666,0.04696471839209989,0.04517871247780685,0.103108972843826,0.19418458121302332,0.13021343415589096,0.09141642734281162,0.24467877227947848,0.06142827335839794,0.0692057069423367,0.14023473708852754,0.03708839211630926,0.14061173474392583,0.008564474501798104,0.010767179948808533,0.06475541183609684,0.15676656277690296,0.20574372069337027,0.037900105053836966,0.1057113642258972,0.11453547476448002,0.20863707498050016,0.19020920056947352,0.09921097005334134,0.13059942240586422,0.11817283878492484,0.07561331027701834
bam_Latn,0.24196869550859001,0.1341502189086563,0.24136216159778567,0.06364825615649619,0.21936659878358422,0.13768984184382424,0.104694475480337,0.11472911262059707,0.297064945187664,0.14554806008792856,0.13850591351648778,0.12845651025151583,0.08928593709310668,0.0997915247148269,0.04617493978746327,0.10325512120489481,0.1692431321042509,0.32740145825716727,0.0771149794354913,0.08303921919308965,0.1652985477306711,0.11909515976481092,0.17947623384686848,0.14334488506161816,0.08466612159891497,0.08062291298493696,0.1440050465183405,0.1230167773701906,0.1053964610709,0.017199683786488187,0.1496689542717705,0.12063544601528718,0.0832465877697799,0.045137634148375,0.19025181165848576,0.1308878033798535,0.07602650826067879,0.1306208033202928,0.13814437093572604,0.16094341104423163,0.15035806707028107,0.113110436010405,0.09194065546423491
ban_Latn,0.1714912491812524,0.09282718886940909,0.186474275499572,0.16656125181863035,0.11060962998571261,0.26117205379936154,0.12090836104661169,0.07511965759316523,0.149625862308678,0.25438480911769773,0.12425143433055709,0.05176736928255324,0.14481842656999372,0.2816437836859224,0.041004517536981214,0.05528148171110157,0.14602178769484758,0.2865402685716847,0.06465619574039602,0.08021646828182677,0.10191292704654405,0.12304569522776618,0.15001164400361874,0.06545005768639554,0.08314567524528518,0.040682703889881267,0.0591068889248161,0.1929916943915898,0.058724051603942735,0.0904950466594105,0.21827604249566168,0.06841495946857822,0.0784750504957197,0.06179298179698337,0.06542022667836242,0.1294565486239319,0.106028084320528,0.05236329945275101,0.09704991851125433,0.08182203560423325,0.0451589265372294,0.07462635455796376,0.07798648166114472
ben_Beng,0.18482335180203366,0.17771368195507314,0.1791863682289634,0.07738583559148655,0.06355432388770074,0.18176065190824195,0.2895352173702495,0.10236249052865229,0.06954014562584701,0.20776944290094615,0.08471063500359513,0.0859330265345393,0.15480720986822016,0.03128053509653226,0.18360085090664535,0.11480032074650669,0.23195463579587836,0.041967338664738,0.07096255228290665,0.19761455492863517,0.10880652442387699,0.12258522872642276,0.137382488472667,0.20285363939802664,0.06175116708994943,0.09925223735508157,0.23825977977931426,0.06476855751389714,0.12192521591546887,0.012400579807101448,0.08740524752899893,0.06018485810455636,0.09963898713496482,0.12233602011638436,0.058156968396577254,0.13707759194701488,0.08860125159189391,0.13014739025679892,0.19443806373699415,0.15281017268522523,0.13053667272560435,0.1003030477641177,0.11365878731179137
bho_Deva,0.15278856384935435,0.13877421825630512,0.186339864898681,0.06937303555362681,0.06548395774336048,0.1483203004809589,0.060373661632155504,0.27637929793984667,0.04360164139661733,0.15191644893378747,0.10598899736419386,0.10088362151955738,0.17625311412478495,0.026071484778163383,0.140255847412241,0.11718034391858431,0.22370406959908248,0.5723717723997012,0.050123116397556365,0.17070146934202138,0.15859125685040562,0.24946023003015433,0.07368297896709827,0.288136760448744,0.05239606558557267,0.07208313527941583,0.24751753926303982,0.7798651588566339,0.09538085120754715,0.007813712228031289,0.07526567175373801,0.04192662427897753,0.06429231344360464,0.09999720096798918,0.028799214834396014,0.15205345399525183,0.07539936351429356,0.11895874912923705,0.21782903142105003,0.09560443759256282,0.14443771110370296,0.10984253303610984,0.09567318696054718
bjn_Arab,0.20247202268760375,0.11397795442312053,0.17350654066229376,0.06975865954712832,0.05977804160703374,0.1291637878319743,0.07984362587133378,0.07203949970524377,0.2993909905042552,0.17741608420423685,0.07529764585031595,0.077075584198505,0.166689872354058,0.00661142501030402,0.14758851746206234,0.12701842511049524,0.18103538227049426,0.018180098900167883,0.058240823344960356,0.06641225452868287,0.12430806398925102,0.09339001780311633,0.05999232920828895,0.14278160059391626,0.0619456480732574,0.05970053260421025,0.15323133444178963,0.02420705264220922,0.09229312875149707,0.007290877320804085,0.009763552272984663,0.06155882494010212,0.12122694992170567,0.09863113660876048,0.022297939038869022,0.08229100844440353,0.08087558349203851,0.1436679087626705,0.1796919508678734,0.11337133604962202,0.10365372926485796,0.15799434496874115,0.07847685867189008
bjn_Latn,0.13048953493148063,0.12681301475463694,0.22110071079596658,0.18328933559974933,0.13361133985603332,0.1983121944366709,0.09041072967199829,0.06487509315275741,0.15162910891895612,0.5221587521996449,0.06467277754281783,0.061636670431418045,0.13358105339393717,0.25677412941223793,0.04216894359822122,0.07533412420655877,0.1438323500324513,0.24709208584984244,0.08346005926733982,0.11012409007707641,0.1751121684638468,0.09905167915463016,0.0890660792630281,0.06733969042648882,0.08235082637742622,0.04555749227472167,0.04570504265653165,0.1855757654102389,0.07133618157235534,0.08673076196296574,0.19296990528353852,0.08734692921535145,0.06049185432096382,0.09035864607376005,0.07330531030139284,0.13879519309377633,0.09726352932361237,0.07614888249634238,0.11210973200536899,0.10058995399496146,0.025691979760180714,0.08480491230793567,0.10842670440377271
bug_Latn,0.13581295219048412,0.09542371134992349,0.18407367329307986,0.1470371198004836,0.09976326174180815,0.12788845474662652,0.07442315057200638,0.07829144100826807,0.1649715302605425,0.19860585869322095,0.15760859190652657,0.047511722837956585,0.12432690416791568,0.19760335655301522,0.030312466833372652,0.08878580850260277,0.08064284355603622,0.3165773883377268,0.06666120409208502,0.06850787155259871,0.097900465551219,0.12160407376591642,0.1421640122858897,0.07907578930644148,0.05597796749581834,0.04182973976630807,0.03928530334135472,0.18580384502932656,0.09181679221563091,0.09185955330383676,0.2223223826267628,0.03426908166054235,0.03960092544951698,0.04565304640587983,0.07357885843176282,0.0933686271266707,0.06790589706885664,0.05076901930353034,0.0982957370029715,0.06776505512917667,0.04694663397576619,0.11093970554915686,0.053995481598741145
dik_Latn,0.20306412401877622,0.10458469364714285,0.19373659674657479,0.06993510768070726,0.10048214484734368,0.10920138903193854,0.11640146052215444,0.11538320209157177,0.31771848894992855,0.09629811134644131,0.08768386145060166,0.1500738135012142,0.11288568246159557,0.25739003989023856,0.05111151743341239,0.06101442376686443,0.1589582348924958,0.24810117854202257,0.0875689518532391,0.11438833895697274,0.15758144449505732,0.21988546155123675,0.16877887685902745,0.17664791388801046,0.12151909426519378,0.06883795926048855,0.15945017936866301,0.13642063871956417,0.11667849341476755,0.02689655613054598,0.13971303221302728,0.05838232044282439,0.08219630435713969,0.034638898840907824,0.14650434465148876,0.15333187648036922,0.116872313784098,0.13506413403590603,0.13539036259775641,0.04493456243612502,0.22274815422162286,0.1410590440327539,0.11749050754495372
dzo_Tibt,0.051167480923438036,0.14590588124993312,0.09933043714772787,0.035042493944715584,0.038278277692517355,0.2176041046225609,0.04151951345843746,0.0726151611804056,0.053075927169635856,0.08647497151550801,0.08792928280288463,0.07958998157145629,0.1008476468024753,0.013099545040854027,0.16705067003709892,0.08806920565423054,0.32347575423498165,0.021187161045378752,0.07716349036065652,0.07391791363644583,0.11356201797874826,0.0698048518796884,0.10799224075689047,0.2776137140776211,0.039239100987644986,0.09814185193463655,0.16114755831939387,0.05212347564893114,0.22684225807444805,0.014107061321932766,0.06793521296195568,0.053055374281321184,0.06843742112929584,0.15421988400522363,0.03611820192289943,0.041318643962637173,0.0850607630728089,0.10647426254641285,0.14631770819055892,0.06509004483859196,0.06954989008543777,0.09289176799179205,0.08434909772229882
eng_Latn,0.1094201983321096,0.05131835268050876,0.18466877310522709,0.20567205883325915,0.10833954603360836,0.10448513398163572,0.07456276069307266,0.0985768447073108,0.13575362257310858,0.09659259789581826,0.05941967929341489,0.08515371167338237,0.1586144248439209,0.9406547234630601,0.037667894927477956,0.06033039465068425,0.15987943659094983,0.17034509377734627,0.048645716676003446,0.08163460184669911,0.112807168663614,0.11771523380829492,0.17475132640223115,0.07093716334905698,0.1835932214358913,0.05428541644363414,0.04587631516558907,0.1771643501915777,0.0627824813251221,0.0548741152753219,0.23843298763734633,0.06616825991758653,0.07225196814448887,0.04237891012426368,0.06272786911170254,0.20431787960910222,0.1451782419998813,0.07998761643779925,0.1523279275133589,0.05201414021536216,0.06173187970182262,0.12511858470664625,0.07696663627940117
fur_Latn,0.12409848131015037,0.03972637991122815,0.09417742825469691,0.12309956060170699,0.06480267080764127,0.06020662283042821,0.14836139534957446,0.12828840838937988,0.21562715134386315,0.08584408519736633,0.08288440810298003,0.05851237595583687,0.04576757938098088,0.1636468916855637,0.32288832566442055,0.05620002946985675,0.185697333221246,0.3261277048696292,0.16617683764746619,0.07426848795401182,0.13024767781188307,0.1413176072595107,0.13302540810775004,0.21048474455637098,0.08658815842284025,0.22984541507221293,0.09231792625740971,0.17047908993299069,0.05465452110612833,0.06236901342336235,0.23650844575189414,0.033378209573746646,0.06606193460121187,0.045810240651544806,0.12314087583263003,0.10690505348266242,0.13570824665252043,0.21330578072928916,0.1295056521620697,0.10466827326189364,0.14575176872209322,0.23482736508100985,0.12963108958819905
fuv_Latn,0.10487704002482717,0.06875786320975354,0.15530239253939082,0.11673493558328832,0.08717625974949127,0.056480682506318304,0.17336916144369524,0.08362453038499577,0.15210793239080994,0.09541294898320837,0.08157724893383984,0.054525470111095126,0.13048136504204305,0.2609526906954606,0.051779626729394464,0.14109307670414373,0.18599660439735113,0.17579317690847712,0.08850428189292221,0.04039306523680063,0.11016286586345102,0.14588674098792279,0.1542096223723576,0.11771663870045154,0.11891897074281949,0.09267242036376318,0.06667594586614707,0.09313413316769768,0.09865406455586458,0.039241499092309166,0.20616561046438311,0.046895130864373434,0.07603741220139561,0.05049616225422172,0.06510538899569022,0.1233621958112919,0.05958894665068914,0.09946397411355348,0.08931125825280394,0.08222280040759611,0.1027453190689137,0.13721704286587522,0.19281053528293138
gug_Latn,0.12407817639309009,0.06549942100433258,0.13236732068810347,0.09589589541657455,0.07411955703040769,0.10022162857379267,0.10597298097772875,0.1011232546023365,0.21797430218417216,0.06104448956360517,0.059633647189281054,0.04985921425924763,0.13419503038883152,0.26401175624263834,0.06097934473761017,0.06401793163387925,0.4488866703620043,0.19639471201895012,0.09347569924946748,0.05295858491939294,0.13139793367612762,0.21478411960352767,0.11696258220461894,0.07854746583825607,0.08310016560772779,0.1629668325482647,0.10309601092070701,0.1434407321374635,0.07748143259369777,0.02730734087363759,0.2558263564120278,0.035833555183816215,0.04299292151024234,0.03092790724332114,0.13120461547338694,0.1623273522541176,0.07612101286064353,0.1371592941731329,0.12411035913840895,0.04026342944663856,0.09994448889265861,0.12808334048865272,0.10030906192006057
hne_Deva,0.10102687337950034,0.11578479162875309,0.10068283098297068,0.05198146377819935,0.039644141800768674,0.12118655707836695,0.05942637063660661,0.12156441753034165,0.019881155203221777,0.13434683366583985,0.0775121011406887,0.059581562724372816,0.14343956001335623,0.026160737193876852,0.12297474125307277,0.09770227799550575,0.11628719225610924,0.6429130160249658,0.03619356375653145,0.08357288917606268,0.11333791690755592,0.12507747228604146,0.0865713623469666,0.31848973765718197,0.056271919676293365,0.07322324462442081,0.24988368876221642,0.6300134624906235,0.05176910521046876,0.007494495745076161,0.05767123283945104,0.022230057958151448,0.03952364205229635,0.05257318057110889,0.0349183148344079,0.11436320274459977,0.04966543125783465,0.10285524572749485,0.1511164475575048,0.08653125114334738,0.13356494462467733,0.08585001785937779,0.07524183262190728
ita_Latn,0.10509129223635327,0.03722468408707021,0.19494906466336276,0.1877180005493031,0.09659488781435181,0.09581466826805568,0.07869478744802554,0.13823596084978304,0.14846921484173112,0.10442611725710556,0.07458601078972255,0.05386862547993307,0.05588675805146909,0.17963159945399423,0.16225411791378302,0.04036923390330082,0.17756143502807795,0.377287790928915,0.2693093521671864,0.08097732461350687,0.13581353014891823,0.1341599231036385,0.07543869637480008,0.17652706218615696,0.08360382202144916,0.14141918257680577,0.03744145809165705,0.1765936111617801,0.0799487144496764,0.06315125551445683,0.2386002133394953,0.07219301674524584,0.041917499675663945,0.054135571168698056,0.15792309802210847,0.06465536956839231,0.12289946485198083,0.10060921132661876,0.12530103047745292,0.05231232113987086,0.1324825728314921,0.33703974768579564,0.08891842127234673
kas_Arab,0.12088361327105705,0.12217942069650144,0.11394105937814741,0.07964138514889155,0.06690696659759454,0.1419317576462398,0.07008549632589074,0.08685916476444314,0.2134424013086726,0.14544881593285458,0.08587302643917856,0.0978911543298963,0.1380651072046244,0.0221700970987509,0.1436661789521338,0.10145036967442435,0.23343262587042765,0.03971280473600856,0.03606934922880113,0.5295051512135414,0.1730563119588588,0.19778514497446362,0.12419864168942854,0.31162098881664235,0.051377139754538365,0.07352420941373249,0.1625316759058827,0.03158014325969955,0.10308310966831821,0.009078206654387438,0.021366261926045516,0.03558210466864444,0.1783450568946524,0.1220792297302175,0.02867235564260692,0.09881619099835859,0.09115684001833306,0.17192752456158888,0.21858290667194055,0.10266266522891063,0.1422111247160337,0.05683854684978407,0.07792232098629746
kas_Deva,0.18325559238034625,0.10600851268329896,0.2012305774161032,0.07712766594933015,0.07117983454114789,0.11999286172585988,0.07104374558623618,0.127921005773883,0.06222930196085363,0.14019719594611366,0.13788264317941815,0.1260747758850619,0.24698387831799798,0.02663110191204382,0.14485936180561843,0.1097017657796293,0.23887318268166707,0.22187670576508678,0.052972402254121725,0.17366492229475278,0.185544731169802,0.19073810053439927,0.14834511823851665,0.27011780878640973,0.05936756717995541,0.06207135934605828,0.1476187833866312,0.2589689552333342,0.12557632692036233,0.009594380312545614,0.07791963498735918,0.05003717637519409,0.08251850334628358,0.08118508121371772,0.06042011366483491,0.1035972322052048,0.16005642425398275,0.11675845418994724,0.19556249995207806,0.15054113391334042,0.19773762258387087,0.12718241812432443,0.14334901066774147
knc_Arab,0.10538913249986165,0.13594813229271796,0.0556134721117191,0.09837689924270036,0.05662403617299195,0.12325222993408529,0.10035066302863103,0.05070889957461796,0.06099151287731896,0.1049681648853702,0.06563889838087564,0.05962775302518974,0.2391160451917378,0.022383346671091816,0.13348151332508373,0.16742273140497715,0.2268059725633957,0.04446537219050737,0.04054868387986695,0.07269225127388382,0.08317559867146442,0.1540457661125461,0.09657580689508065,0.2866849050145636,0.04951392499510406,0.08464355436430782,0.1994994523297035,0.02794196644259303,0.07393145019675115,0.007794828342240893,0.007946160954393457,0.01431803112375999,0.10484839034296954,0.08311561907622013,0.04369707734093173,0.06280231708886178,0.07227891910144613,0.18283554738628072,0.10172219436422998,0.08782466482427731,0.13724252177258683,0.10849221970174351,0.08929998368692761
knc_Latn,0.1414140668136202,0.09308170435443754,0.2165465868045236,0.0831164202912613,0.08728617817035889,0.10767639029604974,0.19632068831867788,0.08436566414348226,0.18105882022368644,0.13683280298893877,0.08800257989098362,0.05474667732868848,0.11732409404032547,0.20268037289948684,0.039158890090083,0.07321474146875637,0.14658460755215721,0.3222104676429134,0.08107740610361036,0.05091322018474319,0.1643890081061825,0.25213782022653314,0.2810186643350393,0.08763389222263784,0.06589624294871069,0.10186643519324706,0.08145296004104234,0.13778229872602438,0.09167213639930552,0.03786866715391263,0.2422602831551141,0.035093015178629845,0.06462665848174468,0.052749234874824955,0.11920946296593565,0.11113614960927602,0.09587513230654622,0.10878720505446178,0.13949361731436788,0.11419864698770074,0.15780292945677699,0.10350158951933447,0.08210347732152216
lij_Latn,0.08261939448069955,0.0625415704007699,0.15639662110755043,0.09824839090951352,0.09412531737943078,0.06339805346435756,0.171079927921738,0.11466600088663713,0.19415749598501647,0.13532260128910767,0.07610040110994738,0.06054364056073287,0.07355817839076531,0.13532871132667787,0.1743972557389556,0.08484096769566733,0.13698958687386242,0.34738765751244777,0.2178019944268924,0.04785238919142889,0.10813526975823697,0.17570870715359807,0.13721487556787407,0.36390162432116896,0.10892006729252939,0.16915525832545228,0.0937549911758712,0.1841844429688655,0.060690631681808375,0.03845747568891105,0.29599501510242465,0.04399983112366378,0.06467456044364335,0.04395000348014133,0.15243696968726347,0.0784996615310329,0.1453758038076377,0.14643683988566022,0.13114271974907346,0.09302106694566818,0.19710880401926698,0.22364989498956778,0.1603618205834884
lim_Latn,0.05159544605368858,0.05167347279381292,0.09343654877841268,0.12718040517329035,0.06717555203797644,0.043534230716197525,0.14536588715859644,0.050169497692885964,0.1858751071457036,0.10332092546661836,0.06965007410011327,0.04502150242166562,0.11611468139310409,0.13118482007045112,0.15092790188955643,0.06290730924810806,0.12696334176113638,0.21844601965688162,0.16778781784421368,0.03021285931539327,0.11280444981151545,0.14862842009062463,0.15501990309395494,0.14520361537019094,0.3484073318982853,0.09786588436996015,0.07377444839733714,0.16995416891303278,0.09998555542969544,0.02613337661337958,0.23575746065768924,0.028346664527003813,0.0655652182687558,0.032647638374395785,0.07255128829244943,0.1276868394862499,0.08728215721671913,0.1324532021532085,0.06521260760427125,0.11098687880504228,0.08213302041475379,0.15614233449191953,0.10046270292253884
lmo_Latn,0.10197002953263923,0.05651424359450313,0.11802303670311366,0.13623130683820708,0.08953532178397892,0.11054077146423716,0.16895546118307567,0.12310747427556644,0.270196744024989,0.12128881208557958,0.07874529228423083,0.06690850316142574,0.053876730805677425,0.08368557281222362,0.17606140249859195,0.048741764514898825,0.12562865583713076,0.272405443246782,0.21774856343381502,0.043846505668108215,0.14352937582104336,0.18892507627118363,0.13730124204385888,0.18252842842901712,0.1238517453872659,0.29801491111415895,0.07982068704529087,0.11533932732552139,0.08502096430625403,0.04246361632267923,0.18970001400825806,0.021746374377085414,0.056750915701622405,0.04169174839200723,0.1036495587819658,0.1395503110281482,0.17366944275762686,0.11984482000414462,0.1073860569780174,0.05994535154640924,0.1392542567469277,0.24276754506210038,0.14946037590184869
ltg_Latn,0.22685460232704863,0.08132112486027375,0.26263110905373316,0.10578903474057476,0.08737247022503632,0.13391196720275583,0.11044747836570605,0.14925364358938845,0.10063578610774616,0.09560841737248468,0.07593395266777113,0.05818177349005636,0.06475295751621377,0.1403735804647951,0.0634918144472153,0.05684351508052293,0.1849338892737378,0.30527042116705533,0.047435525006103665,0.0640888910478484,0.19337745259421676,0.23992282078241958,0.15351219040981318,0.16020531199588545,0.11590746292070375,0.07753605516626216,0.6748336611165479,0.14140881221013024,0.10200485761437639,0.033352068124099514,0.27797788668549334,0.06803996669576752,0.11197341920859728,0.03223278069341389,0.1203693474808158,0.17300567363659325,0.14316044255930366,0.07796284350907932,0.17482571587046714,0.0624964121834089,0.14861620768442257,0.11218598746807734,0.1536166017486773
mag_Deva,0.24381815734298398,0.09219403320325233,0.17567758193776759,0.09292760976801555,0.06667810544504649,0.14793125564422013,0.05964601555409054,0.2634169366534318,0.03749837176373476,0.12748201457267871,0.08534798905941468,0.10167586700326076,0.15635981069452842,0.02720676110432931,0.15118428689727811,0.08411103713601491,0.18253856015361508,0.6542542121001255,0.04639528555056619,0.11948454450822622,0.1480810244195808,0.18503846669642654,0.14234115979880219,0.26090831365609024,0.07981659182639572,0.0679360395222644,0.24798740835513994,0.88724440035015,0.09256236455159568,0.006467547930247933,0.07409365503996512,0.03899408251050118,0.06259079331989116,0.07890086595453304,0.028456838812554265,0.14922598242162208,0.08683542559705837,0.10994671597906953,0.21253410393022434,0.10126873586703555,0.14060459205025833,0.0938382704442704,0.09792040531420103
mni_Beng,0.22221394517476578,0.18129662716200898,0.1507092787784971,0.08286550426990685,0.08798660823366247,0.16204959900216684,0.13563477442970476,0.09183400459567613,0.03217394896489021,0.1792488493104097,0.11431906033637051,0.09940149607690126,0.24091854245072988,0.034395231727233244,0.11762495545033025,0.1631433199715378,0.23233921991955367,0.05624932913522543,0.07436867810612043,0.13317213513947612,0.16574234717649486,0.18695292838966338,0.09220792854545345,0.23692707491071907,0.07025138210710478,0.0727675238049882,0.2252390666534751,0.05314694990144805,0.26894518442141585,0.010241875113626514,0.08247751311884263,0.05509647838788615,0.09729844501740131,0.1070635979661351,0.038627160969155805,0.13594410545704122,0.09385555908769982,0.12292446340782982,0.20680445453255805,0.08287857451775525,0.13448270675280308,0.10711385986238849,0.08436231739467225
mri_Latn,0.09829448131739651,0.06083776862605087,0.170923551958841,0.19244025636303524,0.08629717609769318,0.10916535029611411,0.1208015077712694,0.15902521094862213,0.1632325493276393,0.12024698049381939,0.07389366555568375,0.05281649260347564,0.13220083091700385,0.11766353693338086,0.030161059845143705,0.1069498989895224,0.13904532363062597,0.34456476815346365,0.05934293171285523,0.06467310921998391,0.1365645462433046,0.10702654882791245,0.19316115074533005,0.07830569339328342,0.04349454463958839,0.031970161220863234,0.07094218460756306,0.1272815517649714,0.07966418430101826,0.38977347399842077,0.21284874048039115,0.04761501806442743,0.08107020709786715,0.048200550338737255,0.02824955971406446,0.11841408872671895,0.1080456765398126,0.08679288471996703,0.08274937279190936,0.06292326999802048,0.08448531588380034,0.11805370095478127,0.1359002056956087
nqo_Nkoo,0.17631444008357428,0.08845437425763449,0.120413471206333,0.045383904795061325,0.03901048610715835,0.06943745160730919,0.049432336445420146,0.043536050342495546,0.030593915273652385,0.12649585441150846,0.10049750574494086,0.07488673282072186,0.20682141512711139,0.005032472694552026,0.16038165492644088,0.05629949386655832,0.12039927023059373,0.022410972414561237,0.036734436546102346,0.11188019799061281,0.09013899128277884,0.08392697295859909,0.08692396146352975,0.17458300717998904,0.05563631116660118,0.05665942565466255,0.16392757320764612,0.022004434611193214,0.1368258686335281,0.008146638022370064,0.3767394008508857,0.02259386358250847,0.03236038353891299,0.0920206492562362,0.01835992374689443,0.06921587193082086,0.05754664249605414,0.17738807052338174,0.0847601256254438,0.11101924229123752,0.1280045963806569,0.08997630282475592,0.1109006411298774
nus_Latn,0.23472501195137457,0.10332602480746401,0.22267125017610026,0.047006692714944044,0.1609617688156722,0.16076561477589232,0.05403578260870108,0.07346941790588055,0.3052173597672251,0.10024980147669373,0.09964505979132973,0.1411924320008079,0.10243898290368558,0.03206300938389477,0.059558372223964325,0.09303819720316785,0.1455381699305194,0.22607688502661932,0.05189428936054099,0.12204474115651427,0.12170287601662826,0.2295927100902678,0.1018112740315894,0.13409768038657546,0.07347778860374007,0.07166155025960179,0.12057574253192879,0.06640561765491867,0.1175083154635118,0.012735228516600052,0.09843900318796078,0.19765233408332156,0.05063045503214686,0.064972841995009,0.1523197196522079,0.19598819270171278,0.07948059302248255,0.10100987340410907,0.12181157418399463,0.0775110334428195,0.13379834348514869,0.18572479462739053,0.08747510862266823
pbt_Arab,0.1288028587564137,0.1205158412440452,0.1643131752225671,0.058144560549108174,0.06804886330772347,0.1618713364556472,0.056599083639888935,0.07994362980417247,0.20052397676851652,0.14401340161263343,0.08167965268092678,0.09964568701892382,0.2040198872283961,0.0190616591147777,0.18188953233716915,0.09782985747722743,0.19975455147158044,0.031394834724971614,0.03557529564759424,0.18306815757470057,0.1570254235990047,0.13509822068728022,0.12702595755112564,0.2641420497441176,0.05571278414531927,0.06828375518753238,0.21296138311620236,0.029634549914635322,0.07708143035996487,0.0076642256577276165,0.02201089969944187,0.03425785026313437,0.25368343606184685,0.24982513540132956,0.03493793686134512,0.08973729501397955,0.08926779653792011,0.12260262740483574,0.20497864322437978,0.08962144521452914,0.14095008470996356,0.09696835450033366,0.08885485059903811
prs_Arab,0.09803937776030668,0.11223741032137939,0.17583468313455514,0.11031163678851941,0.04808439721566278,0.16166902042649794,0.06221157433044959,0.08318844663087901,0.13703383268625627,0.1491479434803385,0.08404809626422034,0.08264560029396507,0.17086984503236433,0.026139047446600595,0.11276800665280291,0.14306297322693706,0.1655538231699719,0.04099032567739849,0.031591287006176444,0.21328055146083272,0.13165773367132227,0.15513809404276546,0.06514567033347445,0.3501622419918595,0.04649447144101407,0.07156656860062266,0.16575007149041524,0.04063805048496029,0.09323451827626385,0.007839339343607594,0.016958606403584712,0.03812141127755055,0.15947892363266944,0.589092976857571,0.04054160133323292,0.10040237742972181,0.08507871809445931,0.1535425537076095,0.1751225536826208,0.0976876592219897,0.20212187174698298,0.10616538092344557,0.08084119116737096
scn_Latn,0.0638150302809788,0.05485413636310512,0.13934436348956827,0.09995178550196789,0.05817015502164634,0.05845182281780532,0.14680775529362333,0.191939152358244,0.18196037655010772,0.0901561606515161,0.07154492418114687,0.09532855408443747,0.053471414723486155,0.09851782848425657,0.16918682757744127,0.06846036669998502,0.13519438700298025,0.28361762645299576,0.25674435171348703,0.056827885672285305,0.11778303523189855,0.21579817451201522,0.08317640470568209,0.12376228729368438,0.09674092892027278,0.1904635885437305,0.0759107778029347,0.1519596404632936,0.08128294088045132,0.03972395706945346,0.22662587923698027,0.025856013514404644,0.05729713145791675,0.044131180734701715,0.32337569139577227,0.08061698874436728,0.15124774693756007,0.18675179085137603,0.08408548420569752,0.04960065430318678,0.1384746319714609,0.20920638380449733,0.19174726217072272
shn_Mymr,0.19007499221344434,0.24366994012490395,0.24228893729724088,0.07701516467112199,0.09534419929358277,0.27158800346569406,0.09074484063837925,0.10754136660837484,0.18286040607638493,0.16830996098555245,0.18304006395039468,0.14493190447803686,0.16663513942170569,0.10759553857124278,0.1332389157044642,0.13368208952019175,0.3645713102578203,0.08355530990329985,0.07427028373147021,0.15505380106328062,0.18267398738660187,0.1615821419012882,0.1066053725234621,0.3464323487473376,0.06013047293643121,0.08686016015513172,0.2716120668594848,0.13605547854274622,0.18637686097560746,0.038163538331695564,0.09207312488493809,0.07525319400816013,0.10516399842817006,0.1422060251690656,0.1052213803545806,0.3141120491705872,0.1706295543767459,0.21511924953380154,0.12616413776980195,0.17193282587907563,0.16349971717092496,0.1424182581068837,0.1860012843020763
spa_Latn,0.06627916870776461,0.057434342656853,0.11837037138154831,0.1661035102363315,0.04630715516994564,0.04350227287912921,0.1002854724903218,0.11408863637399128,0.16552594575972782,0.0808649218603631,0.05328566512584521,0.03657148133055189,0.08475444894974114,0.18728469846967966,0.06305292968699286,0.06005899646341499,0.2038333153691714,0.37451589821099807,0.10460902633534656,0.06492378236373582,0.13106770694157227,0.09021449711328206,0.09927604963888968,0.2223744360049793,0.12355227130384808,0.06348989902925573,0.05791902929752402,0.1895644506821246,0.06752626035582386,0.05422463230901857,0.19423580813644656,0.02487091129222482,0.04409504995734811,0.033764500286225844,0.0950648918040715,0.08976096955228954,0.2700910926678122,0.07939001727522067,0.09516755280439487,0.05222478117606369,0.09721262369223842,0.15088059176506227,0.06599183250683888
srd_Latn,0.07748488373254726,0.043573698569516935,0.12456545114317275,0.08577301716227213,0.057004640708671554,0.09091874957869367,0.1479003145754481,0.1378126861047757,0.24608927847189288,0.09317209995365709,0.0619196427911164,0.06116406214713439,0.06928742294995313,0.14416235282553547,0.14743822657501013,0.04381411647171351,0.17033746856327614,0.2972805162378545,0.2305205672620777,0.0427521601041467,0.12114801791087114,0.14738597499288167,0.12017667460792981,0.11276447671261033,0.1300836137256156,0.18307687353106838,0.07542904838064024,0.1804950051451105,0.061804111072919644,0.05542450434521938,0.21603490490765168,0.030818564399330377,0.04708314263863853,0.04487654785956558,0.16320297251496935,0.1049978389052509,0.2081361228196966,0.1778334247106061,0.10522603152104557,0.06697419070358021,0.19741341202320056,0.2121816031024354,0.2313584416664578
szl_Latn,0.166070628480809,0.04725455560576975,0.12903663238949037,0.07240257994934293,0.06532621257680896,0.09550197347976738,0.08373036303956906,0.13159130860168716,0.13810231917344365,0.08276076297471617,0.05984530926345718,0.053870065606077044,0.11481274963306543,0.11108834693987737,0.03241267318671974,0.05130201237114979,0.1356495589885348,0.19253842718304748,0.05110708335799249,0.055308038919618545,0.1345470615339898,0.2388033414861468,0.12035097906965994,0.06353958956645797,0.050320849875147865,0.0794851060462978,0.08278414392284308,0.12935029798882564,0.05956006207069823,0.03350821377595736,0.2170444648730341,0.03308250672899529,0.06129124871883609,0.022898621810284216,0.0904416065575847,0.14629816127089967,0.0706311654967342,0.06376175894109812,0.5368258408892861,0.06652248927610115,0.12304470107856104,0.06900058026982042,0.07843284452804325
taq_Latn,0.1662833199007105,0.06716506444488625,0.14934630506937682,0.06467075766546976,0.07899795507719329,0.06322819877849487,0.08942576596530878,0.0931518604923967,0.2656194894020968,0.0909965219839907,0.10136322842040627,0.12406444248803324,0.11183000390767613,0.24339924350947137,0.051575497793518346,0.12235522067991396,0.11147813019832847,0.27322001343021124,0.10389995951522073,0.09412556321197975,0.11918585338613981,0.18765118939516717,0.15402678037289566,0.12647073369138426,0.09049877378749135,0.06318392442611687,0.11370635387492899,0.11525283532566621,0.07239719300637215,0.03160962094166354,0.14992167285569682,0.02699871128431681,0.047065777510114586,0.043272440990651036,0.14389799114166454,0.11951299044027501,0.08534845887961821,0.13282499860671046,0.09987580288754055,0.1276793218691618,0.11750190243641707,0.18251444768913141,0.16602229163254892
taq_Tfng,0.13657667819961655,0.0927454328177352,0.2297520948989721,0.030429870692241776,0.055706111968498874,0.11696958505824451,0.0454741258240727,0.06188088885813394,0.03540328775999814,0.06501321112469925,0.0859579070556951,0.09812750978094462,0.2704179487327577,0.016361612933213445,0.08891774127277371,0.12489056635207312,0.12097419883554567,0.04089448605493436,0.042611085967810935,0.11930588602309086,0.1421178616954642,0.24745928428939046,0.04243770536291055,0.32745668407747686,0.08266963148155883,0.10277064190074522,0.12136770455989633,0.025447486876848797,0.1188502130520722,0.014426514144334825,0.07143995321491037,0.0323715685718784,0.07462017052037313,0.06053507786906955,0.027033282046757555,0.07799293096036326,0.05393923110772765,0.06944058520866378,0.11101892488996745,0.09333980093525882,0.13102926976586696,0.09819009450068289,0.11584899966282675
vec_Latn,0.07889912846524165,0.05168230120338726,0.155322243290571,0.09993589686854265,0.08900821307204226,0.10075348322460163,0.15536952247269187,0.13028033894315147,0.2898450818894536,0.08090239259454636,0.10927855335776737,0.08378000330911581,0.06554762706321111,0.12291729515791357,0.2135484389959107,0.06998968582673729,0.16492646196010605,0.3475054193357924,0.23755019418889925,0.03717113005345434,0.11581543907620645,0.23407444538661776,0.15966380418846263,0.22897957475077726,0.12875699328916965,0.2808833454440354,0.06189021098264537,0.16252251192467868,0.06841985170491559,0.03059506942759059,0.2187208997571126,0.03934675364136068,0.060932401393396764,0.04423883894921707,0.2842957937517576,0.13503800791647977,0.18172308037867912,0.23207127249330597,0.09630484802352805,0.11621553093896476,0.1362590204997962,0.4882403802478368,0.1882074408098054
zgh_Tfng,0.15448904142604084,0.09723505963106732,0.2084619463284527,0.0446395413134656,0.04178027267643717,0.18234931566023344,0.06784814063584174,0.08395381504531885,0.05461262592330548,0.12725317094739333,0.10585571555455714,0.07816089297303028,0.16769019943728244,0.02358927521121648,0.15607648047457143,0.14103155689168204,0.17963982265445658,0.06106455119791312,0.11336699599122371,0.16684231129013502,0.08802098815387382,0.22548632842702007,0.1317211561422995,0.2822619761194104,0.1066346663175657,0.11217310225634058,0.21367379960591956,0.02829214959013803,0.12372970031550645,0.010284480799202802,0.06805875251735365,0.03496671583585138,0.06487362165433633,0.06838363640117162,0.04360345737163546,0.09039161405153313,0.09056077879751817,0.1953232240238903,0.17454074618197496,0.15346205207716485,0.13084182621937085,0.1067223357400423,0.20972640226132172
