,arz,azb,ben,bqc,bul,ceb,ces,chk,cmn,cnh,crh,dan,deu,dln,dyu,ell,eng,fas,fin,fra,heb,hun,ifa,ifb,ikk,ind,ita,izz,jpn,kaz,kor,ksd,lat,mah,meu,mlg,nld,nor,pck,pol,por,prk,rus,som,spa,sqi,suz,swe,tbz,tih,ttr,ukr,vie,wlx,yue,zlm
arz,27.215702852163137,6.2811241020885245,3.4209196268662665,14.137343745763205,12.830389237578704,0.1021587973863153,18.379322774818863,14.372689355969293,2.380710151803423,15.850290253816803,15.723164601852169,7.873211423305633,15.555991235828564,13.154339911090268,9.747784322088178,12.473587925326768,1.4615936541132615,7.011886824646725,18.30310820013024,16.49082062983303,23.209984478967716,21.848597784480198,15.550687480696496,16.872514305535148,1.4724338673893842,11.713197948531352,13.748935815084295,9.138854103188079,18.624222272894627,16.252550229860855,18.588533556221755,0.4469411872458578,18.118721709503422,7.515748072796525,15.99397260727676,19.142964342549238,15.925796608417416,14.586399657578008,8.41701857043642,19.36732328992652,0.753267629620092,0.054232032905708646,17.881268829283137,15.416523323261499,0.054231808821804624,18.834532011015035,0.019980115495491557,15.75452691475602,13.295649852615496,8.182834978935603,17.281824454720894,16.95431248815239,11.514285599048545,12.46154293874263,10.526694984292984,9.803888971556843
azb,18.877550820787157,30.811727877632865,3.4305808611440924,15.832895424063246,14.779796933005255,0.04150681461108243,18.39069784313271,14.267180292856562,2.823269985807417,16.110787239530815,16.044881507441016,12.009074008360189,16.21630598882789,14.283549030314537,10.063507589789737,12.723332166836949,1.5425173142393676,13.97157687273286,19.34709038899011,16.31268942595451,23.591587421121712,21.33009113921609,14.405778010474297,17.728302509101006,2.359280451603504,8.257735391236091,15.171265811909713,8.549994198326113,19.991062981900217,16.291063566679277,18.301762591996095,0.05137777970823752,17.955691728674655,7.190238503517989,16.794968653519295,20.441517857234142,15.644702572434891,14.754916195468413,10.578277953773139,20.015537840900553,2.350147429291591,0.054232032905708646,18.724794118920748,16.247158783513715,0.054231808821804624,18.835011674346617,0.054231808821804624,15.972895679469303,15.11114747332801,10.269788690893964,17.827013288010836,18.016132958927532,11.949288851882073,13.128206559157366,11.940076698344857,9.157783280253557
ben,18.95247183380252,12.96453869883208,31.107337789187056,17.459038869331987,10.826834301556918,0.030221288285869098,18.434182751969065,15.300055202912954,2.5578137893527,18.862779113316,15.578863642698442,11.531003034263183,15.823809961926896,15.315090177391804,9.436880853381266,14.712396490937152,2.5342137120320785,6.003051343376874,19.56865944602033,15.624867326589603,23.619568134628366,20.391706675866537,9.34817571138467,17.860851349687774,1.2925204325878932,8.386194231059454,12.082731369162934,8.695287739213162,20.405297622832403,16.167313443951766,18.768357988157476,0.0651454799546348,17.732172593861193,8.826937445512282,17.16299939842699,20.31294542039751,15.571503386374749,14.490751286669909,5.398039172486568,19.785588004619992,0.5250062971430383,0.054231920863525164,18.795689525204285,16.988374080931337,0.06060238370933089,18.697281691900365,0.054231808821804624,16.318874194635274,13.49283713882446,9.467407094895435,17.42869454052448,17.006580008256194,11.52701280842358,13.385751540145325,12.054170873674517,10.743569973186121
bqc,19.707500955487227,17.777531216763634,7.771039889092175,29.92696345632603,16.111301354394385,2.6149553196850888,16.227961804125428,18.08264930258589,9.175446770053808,13.956132843753865,17.88723059253819,12.764342563650565,15.453963717643646,17.210727361864894,4.897830480454541,19.55281028340754,7.4952371111161185,13.414010309565572,5.567187226481629,19.50398744219046,21.20880578962315,21.198489616033985,15.062528693749453,18.330384556759217,3.631884507940989,14.957054322020817,16.046604529601662,16.78526391113959,20.40106399996949,22.24236266572998,18.375041919095995,4.04625259848403,19.74067683742774,3.305561339761819,18.273705759173065,20.051286795144,16.193606520078554,17.84366248697595,12.626918123975173,20.255178248661778,15.930628820442722,0.04664592080209121,19.357106527436674,17.044124458346776,8.883456311095808,17.276525433888857,1.5009205829426822,16.112341107938693,14.040567352947308,11.183789580692443,17.967277790014187,17.170587478640243,10.52317809585663,9.501496204352366,12.667707103465586,8.53462643498403
bul,18.83189447254973,13.550484613093147,4.013064901330299,15.719108817261745,31.001454110502213,0.17798252488392513,18.154442137168882,15.556983259312476,3.6626255788362365,15.951188759793173,14.039233139736737,13.444245454782969,16.401473563151637,15.619326951918625,9.28016129562581,15.157569847122002,1.348427196846528,5.181783519239847,19.298032511274705,16.121229100625325,23.233231391959006,20.548328008116368,10.058429938408839,17.96921990035915,0.4275040741976129,6.2310783834451495,14.505841884668671,10.023233248131163,20.524643047132532,5.223651063990162,18.429476867253335,0.054231808821804624,18.330271012306007,6.221584681393896,17.423894349982895,20.777079823647192,15.233259314553003,14.17362009058828,8.285633595365894,20.14723203145065,0.84239526077229,0.054231808821804624,22.646361165631674,17.304635810650243,0.054231808821804624,18.801170428214117,0.054231808821804624,16.058036045746878,14.847748481140982,10.337149773254753,7.0569025632455675,19.720302621968195,11.577400006352763,13.856749566739596,11.265126923793312,9.04550769373348
ceb,23.04348139088479,19.60883465253261,1.2424774053139078,14.269929802256382,13.70845189000422,31.471064485087457,3.199748161616952,17.693663932421337,15.07998602293692,11.1565155734089,15.87836477509553,14.32905283246289,7.813527547726233,12.455955366028206,13.605749724105504,19.053175183406882,7.764687048700779,9.567627140477596,6.394084049316788,10.135310236388575,18.51333410025778,12.626623713083172,11.340697347784278,13.778498472131496,6.4536308759660255,12.960555932895657,3.9556406521762217,6.6735535861048305,19.53145122086611,21.940784626188414,4.565408772581688,13.1325462575702,12.70509797767993,8.680878691778597,11.028803818905732,9.748969709476121,9.543070396074796,12.298093855047133,9.610976540743081,8.948468578318991,12.81159118593319,2.6178384077924046,22.194080248350513,10.596208766702786,17.334272824247428,12.662771398085454,15.313700085599224,4.1688561667454245,11.11539665485851,6.575575073110174,18.65888406141167,19.173361238231593,7.940946540511081,10.268823915974707,20.16355895823938,12.099660440770995
ces,20.74375642549231,18.434941420176624,13.73015120644712,17.490298785152216,15.292514173877974,4.778292809659789,30.095453952099955,19.539465094433922,8.576214791064716,13.811202386778076,19.57358338355631,7.741334024872179,15.808256928264008,18.401291999719323,8.403713453714927,20.854359777487208,6.233190823169326,15.08087750716824,13.2645172442542,20.392409636338034,21.205713095157662,20.867199600283453,13.215141810249767,18.331206120355052,10.24970053600768,15.84662548019894,13.005424390336747,14.880167415257006,20.78832832459167,22.606423683363943,18.578942275733688,8.567808516989226,19.882018803184426,7.1892961972820455,16.71324565963634,20.08120220467334,15.876543714796751,19.591358531327348,10.156648714713269,20.806784558413728,16.088707653868838,0.8380608744622711,19.948750432427627,16.608108598642016,13.150835200527336,14.640015979651693,3.447248732611506,12.800885943706009,4.509538076601001,10.215301086483407,18.564882299246992,17.15674750005613,11.005428120647283,7.288631478914756,16.832550988995877,6.965039320395401
chk,14.198599651428609,11.36790057957489,6.509881817995083,10.302543009203305,5.4291785616087145,0.43816597648172073,13.420202916613611,33.19942560677817,19.993981165177402,2.039271765077231,12.880897850202144,1.2371626130996496,9.298123296508749,9.547507961462793,0.4334414719802267,10.77881960302088,0.48460598003328287,10.682320294133408,11.560090649619546,15.356618939354671,18.307111357293667,18.171679290012182,14.782941071568692,9.149298152074168,0.10143670396871882,12.820522555962643,1.097167453136135,11.151918550401193,22.368194235231144,13.439411657985392,11.187947408498816,0.054231808821804624,15.908274005182541,0.48879999293885595,10.104015679426332,13.160965694402424,13.652052568182313,12.170607243738337,0.12750869384387611,14.907711613649901,2.8617769604658116,0.047831159823437296,14.501935302060762,12.020227718681731,0.056483849148641546,10.920160586424513,0.18477660691284928,12.505715695399457,0.7059810066954378,11.103357249929722,13.912423989916114,14.664164579369988,4.940547460731197,10.536130132477266,14.477048191456332,5.829280906504702
cmn,18.20476273295757,14.37979716971009,4.396786015309543,17.664975890812684,14.201348478825107,0.054231808821804624,17.93305451769932,19.021223398030752,29.688934620834758,18.0771239150202,15.669969776820853,17.08233325266948,16.244608156845384,16.981446923377312,9.361489077168104,17.639777215562393,2.050440761296459,5.583214631567833,19.320254141042824,15.355746836989695,23.666656520646267,20.068060036836908,9.47291285111691,17.177133431668903,6.298915408520937,13.215893848659327,13.875740852033797,8.819052283679282,22.088534165876002,16.022486743512353,17.666918327948995,2.481585079871374,18.89068532573939,6.7664519757825365,17.473992804960368,20.91998438504718,14.912086835890692,13.419477133868904,14.951571505254366,20.35600577421059,1.3417320477847352,0.054231808821804624,19.911759874740234,18.290180350716227,0.054231808821804624,18.265028994604553,0.054231808821804624,14.978210235054576,15.620678002461732,8.549697640609617,17.243756284367194,15.560307892080342,11.448206951804455,15.420461691724105,22.430452423040002,9.091351630843523
cnh,22.544336773803707,19.475981411054942,3.358833422850059,17.554649051184075,6.999856539211691,2.711554374609091,10.17836462203327,19.564773658874664,14.4557331922652,30.610602342542613,19.13351863789458,11.640741970554487,14.719626760755125,21.466895556631403,15.87198919584362,19.380584785714397,7.786134939256484,19.07684992050072,15.120791225681643,14.056742618126053,20.32413058857503,15.11895178027743,11.366854353871462,13.888324062603091,5.869829272396519,12.52762811300039,6.023940031381948,14.288200148110985,20.5586857310576,23.465467022213176,14.101929994048874,8.154027653671994,12.041666413727878,15.197348393991644,17.284592302434852,19.369884812905262,10.4044899869599,16.799178121217967,16.06434404803205,13.499622002700898,17.511633492198055,4.6388611090320335,21.785440036541935,16.149053439482074,16.536986793043155,10.940676824000393,6.524421184977849,8.35163580028996,14.202454211311238,8.119069185014638,19.567037768794986,16.89627403935884,9.068239414470188,9.388022331663358,17.65987534995282,12.002101908255408
crh,19.15715761326535,13.330841498332335,3.836947892220378,14.710686615375288,18.552807222884915,0.040318011679437944,18.452350414035497,15.027105896868854,3.5000333003078246,15.200089182968599,30.162868635456654,11.757179344307405,16.10317282961879,14.424309531269138,8.99387993643451,13.215769023030392,2.891638133099385,5.932253031796741,18.066769433666614,16.55657384274004,23.219869176012743,21.137918485164732,12.07889502190811,17.964419810533578,0.2675876185655217,6.815283903337767,13.791068670182934,9.445585567564011,19.601361981441343,13.84522246175665,19.240701964002195,0.054231808821804624,18.10593360931224,7.980219765094379,16.977064132359118,20.486322117898677,15.769300779379172,14.442941947865542,8.864663834590985,19.870739573168578,2.0522865391674703,0.05423248107907223,17.8988300299282,16.40640472745617,0.04654822995972058,18.89075608200324,0.054231808821804624,15.926940137569767,12.602523750549006,10.590844678914992,16.336974071586578,16.12477077071232,11.274646952774257,12.596001665828863,9.71764070032892,9.365151208432746
dan,21.68229045267186,19.041126819596588,6.664136286997671,16.962510691478464,18.101644704117096,8.00481426358641,14.119457753714256,20.2357029778158,10.749206036913993,13.559139743134207,19.9420944445804,29.483317872032362,18.97336548695417,16.266383475341158,8.578261428168695,19.10808167150446,7.158455233344376,15.29072944365246,3.3137205707173685,17.698068352121084,20.255037992512975,19.54132644336384,11.039185532415791,15.105785565907667,8.037215737014641,15.194695369013273,12.581452030715571,15.370179297384857,20.49241516946759,23.1434612166889,19.176802432813712,8.206996188064949,18.31278156985592,10.459688844646115,12.082795046200616,16.529222006822813,16.138076334624625,20.9698236930168,8.95380399521965,16.78056013978353,18.339855263784184,1.305156138815264,22.077787361506292,16.404697934774255,16.19724296386914,8.893391479363185,6.252887968955364,19.74165193839725,7.315405990741181,3.4301800085825023,18.601394360074995,19.41030130382071,9.10955421931267,9.069779332880087,16.010744787440974,8.845032585495293
deu,22.81259589001658,19.045165210491547,5.065725844618488,16.42327151203068,15.404175938277259,4.11764804578286,12.758960914613414,20.523200349465355,12.365049960362692,14.14299512245178,19.811403686745432,14.0165425229072,31.28374790090078,15.92825633598807,11.607750467723681,19.335747882232155,8.106659917439586,15.687783742766143,14.426360140773456,15.320743060203574,18.518104349310345,13.506335042208,8.233987757767318,11.722501229081637,7.842348972187541,14.217139343438404,8.905329670672389,15.746813079679884,19.423895961076646,23.168655731524048,18.965828112577267,7.339203333482663,15.849951915098892,8.481251019771662,12.933980462830696,18.756813751050426,15.70681165731553,17.400821940600817,8.472681540716763,14.201861748758363,14.525165664749384,0.7479517991144118,22.316919259066793,16.10756475741712,15.553372990479797,3.7101513825084433,8.090867530919677,6.179232101860086,10.053122754812534,3.6267426614233047,18.42478657290624,19.798595431102136,8.10486336560768,7.746517322264269,17.92474042820343,7.244595200015951
dln,20.99402968568058,19.17146686076732,3.5780348875488,17.933172685304154,12.171212190170047,2.9760508956643346,15.214135170020725,20.108053755542173,11.790762947987774,17.748943777203383,20.32403076278615,12.419807473132142,18.22280397585666,31.489218308003647,11.89151065013846,18.490061552480075,4.714073030464727,17.97593931249411,16.62761301141347,12.73370789236776,21.42749710534798,20.155727239617033,8.957820466432343,15.935974107266782,8.031042984285593,15.61190477691744,10.631065940070991,15.68385953963227,20.548535529631017,23.60455428022373,16.067427554595525,6.613786411524569,16.04760782793121,13.435596067401276,18.505395147072942,21.66384439609228,14.951618830256724,16.298690783840154,13.551155426140154,17.036608237226243,16.364496915305708,2.7409147617160046,21.74728836241304,16.127493043268185,16.606468299653155,8.670747140409125,4.474640357309045,9.627552652286276,12.595934154401078,8.654890305862422,19.826755387869024,18.011521281709527,9.51800450514035,10.172491043015484,14.873007308518288,11.13508679881852
dyu,21.84536250413166,18.99966178604798,2.446955040640292,16.6683011676283,9.878178395732377,8.277412635358399,14.463997788713964,19.650841915546206,11.593546769439362,15.874400649535362,20.899650273714766,15.912847479563041,17.579237532070245,19.022958765296963,31.354212305080992,19.749143472884676,6.227902535415283,13.903569985225525,12.740279806037796,19.884287617245004,20.436587517669572,21.52410261024383,12.77305511727117,18.07847606921234,8.081354722229426,16.30378386181636,13.969381398192615,14.75845786499611,20.06285379389093,23.24924405766208,15.067391098445505,9.37585873811018,18.792497676916028,10.550650554555723,18.61009515354165,19.394421307455268,16.50065305589639,16.942256483004638,15.283627124679027,17.953625922844093,17.17929790587252,0.6069032315323141,21.26147397063489,17.87319807877818,15.869544030008637,17.595297541273432,7.445743586834057,15.333117131010605,15.957473981763831,4.662670505251337,19.11934076071211,17.87285547472128,10.478974627498712,11.371823458890464,15.557534008039015,10.824201164567095
ell,18.13989244898731,15.547944325453583,7.559762802319861,14.081821615558537,18.834570012493586,0.2520806942297545,16.914252370162714,16.601312677374597,5.322905345241483,15.09750268689227,15.381992752510246,14.658915252026658,15.55929787656343,16.561308397573242,9.12626821525495,30.913687667735353,11.227019843267202,6.9990116107473925,17.1365593261327,15.925010993141974,22.346780448979413,20.500860478208534,9.20895473104467,18.499172843554213,1.8082247014027113,13.444369995948419,7.473594255085529,9.709028014239095,20.215177525751628,18.67866620028928,19.212022136639327,1.4722418078200383,19.33043441922379,5.059261457468457,17.658501809459846,20.30752153979389,15.475018053089956,14.896811779775494,13.495337894365623,20.240901508639965,4.822359047886118,0.02457753141209471,18.7199032291853,18.00673307223072,0.8913841792892653,18.411997564253,0.054231808821804624,15.32316593396457,13.779242675693897,11.777870838187736,15.33536812491127,16.229302055699417,10.987136299932052,11.774992944203117,9.099781048152035,8.440298577668322
eng,22.71750420547465,19.377203181152648,3.890124971780344,16.464996545168887,14.63347445973586,5.85291810112285,8.381948444393487,20.229399333196227,13.65014086422869,9.850311953544978,19.63206356258112,9.668048019898004,12.170673472962472,12.679043870671281,12.208462309057753,19.019151115534864,31.153445359933908,16.08546532939871,11.606205577548003,14.763994196654718,18.72280614974159,11.33796027097234,5.459221822613182,11.217096513687137,6.413527825445644,10.619954765048135,6.788446203000811,12.263236804333125,19.131161929555294,22.500334510494394,18.61705748000529,8.11112001743679,8.852957023202498,12.378949947583262,5.621660995507017,17.036163445657046,9.390484979680169,17.16097847974396,6.470351307324881,9.553464170404355,15.180208536487715,0.5421051679519735,22.84848675689825,14.530787285788483,17.59168427465308,5.0862420115346545,9.33317967321271,6.7289908135095,11.849874831633443,0.7272485153494243,18.842792336190904,19.290045204241565,9.553985065749927,6.566318921863869,19.664199567787303,2.6708835099917256
fas,18.764398705312583,13.380488421775166,3.684361871533446,16.309132939732933,15.95947391086109,0.054231808821804624,18.193612302681693,14.793012034187875,3.497673155080229,17.660667159415542,15.949314239781234,15.11401868926669,16.382727588854916,15.93925564155503,9.686559779915346,14.381558135205887,1.39731089248937,32.50058059357564,19.415256702297658,16.03451331104736,23.738530329037637,20.572989186352057,12.594739581161335,17.74830386181722,6.062096565890075,8.61344027043849,15.508837072023255,7.8757489285983775,20.92835680154332,16.196611013860288,18.201214987200146,0.6188286032106487,18.08692600895665,7.092514390278392,17.309912371047062,20.5882754390807,14.984554995199517,14.34306406323004,14.12345310976024,19.9877668340806,3.099786296445702,0.054231808821804624,19.250653670833916,17.19615777849273,0.059053397364216435,18.535155262673715,0.021019265538185266,15.714867750313488,15.505858949078066,10.562423402614643,17.76964580018186,17.38838549729677,11.790556397052919,14.195113993072358,13.186611679941873,8.854251418344447
fin,22.725268353028742,18.982912202622643,4.618577896449864,16.619746324797884,9.671850399347711,8.564473384215495,15.982320843127592,20.272703221613682,10.972187928021986,14.85062871250335,19.97949146319349,17.46560140646768,14.333968596779457,17.895777847075326,9.473936362803244,20.791074574983668,5.929522339644421,17.052420297061428,27.757195916535387,19.574123076340545,19.12268876082786,21.358825854103763,12.295067832290714,18.574939123964658,9.124460705239011,15.467257630897896,13.340993646533134,15.4620383593945,21.189147016443396,23.142387144857782,16.65378854336927,5.322776064735484,19.02416253753841,7.951477880397338,16.06219251755815,16.887888284780797,16.329337256476695,17.29023719360312,14.875353657182671,18.143098219450764,18.929593486500828,0.4432775923826902,21.08066957718679,16.91077014888493,15.84565257788309,15.025670018217177,5.828381958677062,10.153095683581872,4.413275464543355,10.69443136118806,20.155966480644803,18.31842761233794,9.882604237290394,8.683136230759272,17.526710107009187,11.51428246712011
fra,22.188952538595853,19.028028288871134,11.148411817360104,18.420479084479556,11.974414652939624,5.225809206813043,14.819607181305402,20.258908343917394,10.079696600216927,13.156250074140655,20.078376830382844,9.822790090878076,18.397388663193563,17.154105422097885,12.244761970711634,19.65727631051226,8.530305292686013,15.882792558182643,16.38803625784324,31.26615571692739,17.491686687382924,19.19595861894102,8.174358005692088,13.044357424589439,9.499705616828377,17.510983000964835,15.463249495511016,18.142051530597968,20.82299622613306,23.049603503125734,18.61399334856875,8.526343171255057,19.126775195690175,15.796800098547365,14.917420124697593,20.84393142690401,16.353686641165368,19.405839182041454,8.69671345305079,18.306292307626677,18.837709971817365,0.2350813476977587,20.445381075222503,17.096680047732377,18.00076638823262,7.411606608066195,5.3877336987897895,12.178272904259176,10.862894390845131,5.373678394557073,17.581805032215062,18.681136432584417,9.14381210867695,7.825957195757992,17.32608610130759,6.937021374857687
heb,18.607982814127862,12.805939476547291,3.2895025872962567,19.53922265036629,11.094815588821055,0.34355861744491334,16.791594710405068,14.366818298275657,1.9987946338566007,14.747777180243936,15.629461630968997,3.011225159074495,14.309342320593426,11.852280255185606,9.93342767064725,14.5251463412612,0.5107885466474128,6.738788392807388,19.142183886096223,16.713659808206106,26.74551593634673,21.24137681127669,16.026242187682314,14.8320532682007,0.2530576348056962,15.640406788992797,5.831085526209661,12.061482840790294,16.84395528731209,15.746615169740577,17.73447644580836,0.054231808821804624,19.03184641200422,1.1545392681433466,15.065211285097721,17.970452216528184,16.129903910704783,14.732315341863544,0.7138135417930794,19.091920159744426,0.8011935096177153,0.05323174254202578,17.76347173796787,14.496855267878875,0.054231808821804624,18.047257461286538,0.054231808821804624,16.02140600860307,16.82301794127085,3.2299272624449067,16.475503863908596,15.465019874952155,10.195221730593312,11.886000034138613,6.730745785448502,1.6331622326609512
hun,21.263500057222558,19.480116230577067,9.388178911729206,15.78085905347473,16.524559633631707,1.5977535907690472,15.467399821023854,19.68207091626978,9.876002592845563,13.669977245901924,20.01439800865244,10.404096854607841,16.76852902490449,17.547972666277204,7.125932025350133,20.21979501795565,6.452967030489294,14.677802643789036,10.926353899457421,17.89699984065561,20.236401048503375,29.307969810566764,14.94328853021815,14.754769491465783,10.468426765800547,17.671771730298577,13.885893962017102,14.713426996791727,21.85661117763165,22.980394298180194,19.700923552023294,6.99516341122682,17.978129012528036,9.167348332513756,17.155367915718646,17.896624725982083,14.045818642106047,20.682132390210935,12.734252397829177,19.02197488747381,16.737922186920887,0.15914391082980026,20.051620499861784,16.67978002571265,17.024813300544082,7.951053422113559,4.885596088001995,6.466217865807364,4.40482195813863,4.346827320947896,18.67896616008871,18.23843883137564,9.951448937782404,3.3155141456139146,17.29620084303558,7.856640049250277
ifa,23.45113321023447,19.399539594213085,2.729926455803271,12.697125545808552,6.131085093021023,15.89560894825684,14.849149828215511,19.83474366122976,16.51985739464812,13.654139136955267,20.210456093166858,17.412689735163266,11.967525126744663,15.99912366870622,9.165178238655763,19.742058893106858,8.613470553529888,15.987566015015291,5.68489919451523,19.77949266910106,18.411803585737875,20.704253581870105,31.382249852681372,25.665532158072825,10.734749843115168,15.822188663815165,13.116464096629008,8.005911393412926,20.321206373138683,21.82497898361273,7.6179306990655355,13.116804945184935,11.999388874080081,10.016876504572114,12.516360404813415,3.926453350289459,14.567566247362901,17.222773855909917,17.691258994871177,17.735670501512693,17.797165537206094,0.3482124567750912,21.889452578424727,12.530790938945355,19.243084803260793,12.234727986067714,13.413683036527122,4.654721553074184,12.911290772813553,9.183571834246948,19.52946989504922,19.330790521616862,10.001514792403238,9.387083029099408,20.003520665545057,9.309390120018872
ifb,23.419713577364295,19.695843595923076,4.284638457219227,13.925896545446303,8.172487031691235,14.315434524771382,15.832584302055471,20.51722461277561,16.07650975933064,13.485965324512792,20.35780007091533,17.47168300554238,12.472469411008891,16.752295535646915,7.945012599508602,19.686429667305553,8.16378989433795,17.405097566065145,6.811262359959387,19.58694886039127,17.708534753287054,21.076036187199946,25.85731048008971,31.147013073089187,11.429252813884599,16.60569106082147,14.578235953109766,9.059798734237816,20.456238196900582,21.83425132842521,9.359637566837229,12.511707535830165,12.438238274752944,9.899528941643052,14.234140177445434,5.876382839148438,15.225423733914578,17.596270312565647,18.274568738106662,18.336159808841753,17.44408363847066,0.33574219460898996,21.66886945601105,13.890295841850865,19.043984741304477,13.802298676205007,12.727116946159098,4.409225225906336,13.559353409172154,8.7880312026048,18.982797704668034,18.420170621727245,10.011604986056426,8.688248353127062,19.513658317799813,10.423104767197074
ikk,19.132385102127607,18.285320141863014,10.722620045660424,16.654432673175318,17.970454509938456,1.0255953895638226,16.759012860771733,18.06831773447896,8.854535026859017,14.260861765335209,18.884910767607476,13.045043613205268,15.935773887367477,18.019616585371477,1.516087220596886,19.40349142510225,5.126535464275574,12.275027299457616,6.7479808378404575,18.399481924983046,21.75813641664737,20.475378811504516,13.924820272337326,18.18058131099118,31.45772481426934,14.395149288900107,15.032865009186406,12.75986129002839,20.283648865031516,22.24277261319052,19.719916677145534,3.27713116810465,18.945119238554735,9.661617172881238,18.636718431729065,19.215250965155217,16.642483181790755,17.1457857199892,9.179950752517097,21.00063349152918,12.383259954820979,0.054231808821804624,19.415246683735383,16.339371702961895,14.634815429829159,17.538944002078402,1.4129658133095668,15.217551747562696,12.199707826963905,10.21777176529944,18.45959959040299,16.162136333945824,10.15069767157833,11.20885197660729,15.022817092639269,9.6853552933998
ind,22.078349290982224,18.49202930651277,4.323450176492593,13.37197254577284,8.25074712125481,10.301686803127803,10.291783755493967,19.774481098035363,18.88782223505468,13.128250770176797,16.011961942310148,14.155789626387635,11.44721417717994,14.219570362718123,11.547906321886984,17.925680820070703,7.159680661465037,19.17961329387238,10.062942212010102,11.334917828515529,19.095166788330406,13.038756897459091,13.137994110435786,13.11634028218023,6.83649252123973,32.215899963070285,9.993120710903344,8.688255785710048,20.440889466448823,22.802931510452694,10.379071988593338,9.845520548472555,11.321230679342236,7.576408312352144,13.757463290590458,11.334953205271333,8.617857439630344,10.29747799684024,13.292674063489663,7.129179823169481,11.77105055280484,3.3000340696191643,21.374836981150477,12.691847239081783,16.144976298570867,8.63883743503882,12.647790130112801,4.491624203443802,8.85042559020076,7.299626740898797,19.501924416208162,17.2928653676474,7.663004221359227,5.718399238473867,19.62970996671438,26.86059847714218
ita,23.214207311912,18.622721813293882,7.612278971235642,17.371533577587567,14.394648075179148,5.67339320407358,16.384932693579106,20.46695036576594,11.94071263926839,14.386426708183246,20.191399666673938,7.007080596653423,17.584657578182288,16.995670273833852,14.817852380047858,19.531422207560514,9.270939553854001,15.109608968956213,15.536932549757587,19.78064293984714,16.203162087300864,20.392047999766703,6.083867510766203,13.427258711221867,9.178309181595754,15.737699371875213,30.503683226590883,15.935925863748931,20.48199691509848,22.877212541034556,17.59318120194906,9.32016219818949,18.975006352429514,14.32577172719322,15.97996863662635,20.67080475273887,12.799515894700072,17.957742968427667,8.03751168356532,17.91293746862844,20.166564228320876,0.558076484236399,21.143042026868347,16.981556457870802,18.20066522350418,9.708843953300555,6.490644553122044,8.894355232917345,14.262952170388449,3.827890924251144,18.92043768808908,18.504206351902607,10.797806895005063,10.047509199130749,16.933453202212554,7.122593783398276
izz,20.021857736401206,19.41848391355489,8.997945409634236,16.402171740656826,17.102161015712884,1.9541133827243404,16.946073086582622,19.175976301227156,9.044860827551428,15.096993502231415,19.4850764717511,9.603226426970846,16.27917382139899,18.65773592174013,2.153613995253849,19.784396729892148,4.536480680583446,16.548941172198635,11.710335759134562,19.491350760306528,22.078201152833334,20.572840654812673,12.787882446722193,18.221874396873105,11.218628862981756,16.761078148786048,15.490931773798117,31.112847649042752,20.480974492356584,21.850014079343307,20.23701733519826,7.725874701569839,17.43520272013056,8.310470408894718,18.460667598034906,17.503081779808817,16.046112676672013,17.83269905245158,5.323039363324205,20.040489663383738,17.347763180922254,0.10733184204227159,20.587434321221156,18.103707453129317,11.72496740419181,14.597049582993089,2.991739180954452,14.714807361919247,17.485130708074497,6.830965866362727,17.250806764809205,17.5559505844146,11.082616892948623,10.86183762374712,17.058059927098853,10.66614826238716
jpn,11.827116042230195,11.104505678190032,8.797857675509636,5.903709774842644,5.904645990436394,0.12816921779603355,6.695834336201117,17.68213618478335,11.916907540735178,8.148705364535896,10.237491937766581,0.020378693448916442,0.10519068748193947,8.563902853313815,0.0192859056383423,7.196690916273445,0.0,7.8815498356333835,10.639176808570399,11.326594516548994,12.914153636781558,15.074372939980565,9.98550072834732,6.490607785845122,0.0502363758592575,9.565264953849507,0.058513462326977794,9.141115803241858,31.620381892820383,10.68263689758045,3.0304718669204767,0.054231920863525164,15.995381119499502,0.0190314756840046,5.700318102312714,7.8842181960002105,8.324153220431663,0.0,0.054231808821804624,11.8209355751976,6.653816742575497,0.0,9.850885659671803,7.849423071378628,0.019281053341212988,0.054231920863525164,0.016775029980912574,7.8207334829714235,0.017358313509489534,7.563888832906442,12.298440277460825,11.356937207935328,0.0,8.04701142456314,11.026071190944695,0.054231808821804624
kaz,18.851694498383797,13.718382007752231,3.766950433598955,16.52504317501319,18.529314495079376,0.054231808821804624,18.25060940040636,15.242374216059881,3.721951564547141,16.147056289295733,17.877315023747485,13.629416888595388,16.156107355133702,15.203461825965345,9.409653027418505,13.892383076442663,2.9468354499403047,5.823981846848079,18.905577433669116,16.639135349829523,23.310217533131283,20.875601221840018,11.704970972778549,17.68487443754853,1.1066900893448308,5.947955702323104,14.650061881241827,8.934599476200727,20.33568791543664,30.07599790014363,19.244353472179338,0.054231808821804624,18.20873210931573,6.4616191940729495,17.121398791841745,20.662968800633923,15.766998796951063,14.433842584979681,10.108930717857765,19.931427047768608,3.6603909788770546,0.054231808821804624,18.544844790303916,16.890590310778492,0.054231808821804624,18.865625593760623,0.054231808821804624,15.66781837735109,14.075944387202496,10.932179783183443,20.031204531746596,14.827431127938345,11.557765686259739,13.353965630085312,11.063208614098075,9.310305079940347
kor,19.49507996916366,13.074111149106555,3.8396847800477127,14.822102762151895,15.810836906134934,0.07253170499148287,18.597775697904932,15.087435324953594,2.344365355891493,16.89895374603935,15.762124197426159,11.862474000834053,16.373396491725117,14.65867814753756,9.447953384531045,10.777722304135125,2.0667753107138886,5.709736589621975,19.71126928690654,16.21586002321849,23.40884067966276,20.79273630757957,12.201900483661067,17.99415953208617,0.4582208651110269,7.105202277943031,15.050912127520046,8.477163590632028,19.952518762194536,16.18828778594452,29.736243702205208,0.14920005578749893,18.025596058184767,8.454673816519854,16.938544751785045,20.230307189084744,15.541472924965474,13.980542158670678,9.506964898840014,19.472071239155067,1.7772901956157106,0.054231808821804624,19.038239258538724,16.4297505275086,0.054231808821804624,18.835307037848704,0.054231808821804624,15.475469540025319,13.345317357896228,12.105546428081942,17.512774865945058,16.938969042555037,11.091915109968706,12.42113828395298,10.815336579985395,11.433306097949975
ksd,23.35908666961982,19.16976978195885,3.139016629089696,15.861186969256769,2.8342556625178306,16.426783395356825,5.882113866848208,19.6411284015337,17.905039912093407,15.861306727573844,18.120223951255483,15.457536656038853,10.886799564346498,18.18818133272125,16.90141470358953,17.345674156107414,12.551092732413094,17.603073695133503,3.9493365143314496,17.442881152565906,16.558234720206876,14.146412684932063,16.97508427870855,12.776823311656688,14.669837228262422,12.493268542707833,12.061862135915476,9.489142864408722,20.53132179781433,22.021121980593485,10.462966622691578,32.38418357470689,12.773984684991566,11.823093800512959,13.799538138593299,12.76393057272136,15.351238171485647,11.676561667124641,10.763307889447535,16.36239555485322,15.664748492861882,4.319756540035786,22.04729003354899,17.704581032488285,15.636636732804954,17.002728268891552,11.844728173686853,8.286778749964933,13.75747669857947,8.080852788685615,17.125935568831903,18.586829634073087,14.653200127902839,13.374573744163367,19.486062349782454,11.785355576297837
lat,22.86052363428978,18.156243414605918,9.639498077916617,17.482773847141143,5.8122985322430765,7.222415119813721,12.965274518048853,19.986862726323942,14.66637475613212,12.117521589829765,20.031509668795238,9.177706893515996,10.137975464940558,14.729899774825947,14.993302520324884,19.228869300123332,9.48132030524655,18.01607158172387,15.350884192684175,17.74748993550633,15.246205699735482,17.181820224463955,5.379925045644552,6.371062759651642,7.584188966121676,15.721091715195174,15.881697219853185,15.602055080071581,20.83895822864579,22.968379779921055,18.578944041651226,9.202172331283094,28.056560609119117,12.579060997394848,10.000023801943815,20.14389648950334,13.775648906668705,17.106475104812375,7.3952658456779545,17.33122316621339,17.7011243916769,1.1160509341197609,20.489052851687862,16.048486274955177,18.19156682772291,9.064209586405427,5.485719140233474,6.604072032674225,11.84043062254983,4.1825035349701825,18.24233685089831,18.238903310555596,6.5267773222642145,10.094057693393164,17.20315611468685,6.318284408127458
mah,21.261822463113752,18.40653589737223,12.059607688213363,17.417597077503334,15.351978121050927,9.595052469972066,15.583720398619331,18.791037423596034,9.112454777460504,16.413454910868083,19.899834928712977,14.778332781237532,17.38154384749641,17.523938168842545,6.076184183970992,19.456444421622606,8.187316315427013,15.01032620277927,5.1887851577354045,20.462555627180212,20.904629692272252,21.747024395396927,15.313542016093967,19.80138672511968,7.449581970922396,13.873793841551127,11.786310448157785,18.861345568962417,20.525236687099653,22.62000245198133,19.13690174618507,5.077466496404604,20.232701408522455,31.870984410590395,18.93119615683069,18.324639100098562,15.882213550326316,18.192272035025326,14.710389332169369,19.91292572032642,16.767042635983405,0.9468650720768893,21.707908386028407,16.81805183738406,14.00779654553591,17.780925547585372,5.529353305363567,14.099781357012537,6.304364485084381,9.880710745316598,16.847767029470464,16.903983464025952,9.55850616833007,10.176557186232884,16.137684550724522,10.253316792135557
meu,22.200346725436464,15.922776284894788,1.878550608743772,12.736192904319324,1.4106125636770228,11.895786326982156,12.508585253915907,20.701069048546415,15.90296406210766,12.812138938710401,19.754416117400144,14.446803453838255,13.236613966471902,18.31675957342272,13.537455522265788,16.254976334842986,7.311175739609288,18.328780056530967,8.97559660196892,18.308620872932963,18.573048575265585,16.55749537260741,15.650587647538083,16.557695165279167,12.362919594639537,15.440078330414828,13.95142696730588,10.877788971844149,21.092672094591606,22.38965106611888,8.089094334189248,15.963969499094565,15.446517304084024,8.689989351583423,31.410848753987768,12.909940507519249,12.65857650805703,11.726217379005028,14.475940328841737,15.612499060535825,17.678114428696635,3.204441388166425,20.266456881829352,17.360526317548818,16.491582688481852,12.45837362240883,10.98255074208675,10.008923959368277,7.395401421743081,7.804733652661324,18.028575743459104,18.26108062957375,11.308102443625389,13.275206896245399,19.927236769378037,13.214032656691293
mlg,23.163427018103384,19.92088831019889,1.934657911747881,14.60968839442282,13.485329735394988,14.919286680212895,9.74631344547204,20.099287338719552,11.998300222309703,10.806366923590616,20.26256593655971,9.744404205083166,10.45782869467047,15.211628726358834,5.991902398985638,19.93538217178055,7.2701137829060585,12.342102981112669,5.556963472877471,18.867820191932527,20.10868283911896,19.443619831487467,15.79801763960945,15.45569617169536,7.331994343128846,14.927563524740464,8.669501037717325,9.97866646950066,21.43668617292613,21.563284753071095,14.002345581239048,11.928660468841542,12.765318249505148,9.464016661095528,11.547648607659584,27.60704955276621,11.016773256023853,17.91237714921666,13.785260765639244,14.34863682090444,17.808474496191867,1.0322121394709862,22.145159701814844,16.714593173060628,17.562330629855165,6.8253134866521,8.537812142771031,2.4574844549840593,15.059884883802471,2.9456817433308538,19.583325814616302,18.66658643130706,9.715916685965146,5.43356133292952,18.015300646729795,14.556079878355238
nld,22.626703666383627,18.76462291623979,1.9972886126077374,17.42134779701131,14.033146404530086,5.285751208638233,11.568647105558082,19.85553646172659,12.128106387965671,11.730303367968666,20.39890256146316,11.136806313162353,13.210801058529217,13.863658606107268,12.02369825191682,19.61770662747519,11.742316364418956,14.076582195943038,12.693244424153846,12.71675678944364,18.93738409569796,14.464020760061885,14.670650865270973,9.987687102829229,8.680230350187529,10.660718727143632,9.522416135433815,12.951833589854855,19.7374849105532,23.05992535651534,18.58977373126913,8.06640523232693,17.14414075047214,10.1207844567373,15.193218578976056,14.670191928910201,31.06839130219683,16.18644739002401,7.793511841384613,16.32469395023717,13.403519334766301,3.3452652839763264,22.28442636729457,16.984898834076027,14.055553384969368,8.901919208908788,5.795790929993699,5.932544192309853,9.524035687009667,5.2325302944248255,17.36080173824004,18.586008293039548,8.959093378189504,10.515655148828195,15.290667123930039,7.023950699672371
nor,22.482040681549073,18.88010213581576,6.2781828522266245,17.479189754211628,14.888890604776192,10.133552869320285,14.500095039746371,19.98804434888833,12.560573579889406,13.529508774005286,19.2008320283757,26.174531196969586,18.864355041951743,17.462325956887174,13.636973349664647,19.083295622888237,8.528203782366003,15.00808241193196,4.583725812272655,19.59056398897538,19.418036149287055,19.758232394351438,10.521259881703344,14.008166748417574,9.134095268478722,15.493276077231041,13.608500755072228,15.277064521599982,20.616432612004022,23.238280411479913,18.973521377679898,8.862005889511625,17.561814150460478,12.897825514601266,12.381233819145518,16.37545424368632,17.247799867465332,30.636937649031577,10.149338346628618,17.5815353369604,18.253147083460863,0.9052551020473362,22.37826407943362,17.061559781750198,17.01748227079587,14.061678522510684,7.209805337629663,22.843570115796048,8.556955766890253,3.4065775220005126,18.801730529041016,19.17423463125489,9.730456625170786,8.572625580738121,16.392462084937257,8.487027442422193
pck,23.192448220565073,19.20372118155489,5.1971989835122505,15.382419023449453,6.317867871026758,8.344020851476692,10.036973415551623,19.415157698413747,16.60600110414357,16.45340315723232,18.038746201871447,10.897919607026889,15.599801991283737,20.038993292821853,14.652418715899755,18.57139830625131,5.1371321286603395,17.295790123152425,10.327229336256528,11.770957502213886,20.554027471166133,17.764616712503212,16.473586158188773,13.641694596627646,8.846146645938179,9.253204089718013,7.173330829864051,9.20349598460878,21.05335923867996,22.80010658936333,4.802313600371885,11.536951873045167,13.656921418198017,7.686091497773605,14.710847592574448,15.973675330159121,9.130649568124666,12.15020406131775,31.906529542532464,12.633190235647508,16.137032093303702,1.9214555007791796,21.925632621363658,14.858235782803428,17.391285213387256,8.19701931993099,13.949211965617684,7.53328582985881,11.717012802203083,7.540459475395517,18.51768341356383,19.45179666528492,8.509811434803655,8.170007363457469,19.027487749832435,10.228419757901662
pol,20.578249623011622,18.93514451662109,10.405148180446314,16.317389351608732,16.91805221455354,2.344418948811855,17.689265810348047,19.302349055745314,8.427692915928123,14.760111806550261,19.467345231481538,5.324171481576268,17.17696755479492,17.99272714884567,4.165993309112599,19.307968984815833,5.612485496308374,16.83438737425261,16.216044297865878,19.441869507958728,21.481510024034545,21.492014261384497,12.504681965485684,16.096363082496058,7.202437669846548,13.354302765062892,11.872812386655243,15.672027173724995,20.3022185218581,22.598745190471952,18.65789800852169,4.4476975605468745,19.68753666693986,9.54671897370213,19.178074832851376,20.84898862837467,16.562408457284803,19.380557314480136,8.171594423505937,29.679600821910725,15.864509239491941,0.096294460277491,21.060963747738402,17.016171373544314,11.428929532215522,13.624188950454805,4.6889032766936225,6.520155990200671,5.235819538479433,12.200767587864341,19.763092163317815,17.199095545750378,10.314636769181472,5.521348196402903,16.009448032001476,5.6288346177658815
por,22.90254954251807,18.84589240352636,7.982339573176048,16.788105325982542,14.258956701868545,6.638343493100879,16.393266356221016,20.697969737784355,11.861917465864844,13.645735910895112,19.75233517913895,11.550932549919452,15.29695227412153,17.466648061243113,15.2377806405189,19.876741062136784,7.486142686480379,17.74975186149505,16.552642298922688,18.08610575935016,17.743118874161524,18.72624709827536,7.385907084457445,12.050855431368158,8.487100297854381,17.143651272163485,17.653902722775076,16.585888573130507,21.239557117282384,22.889442573817593,18.8852722824017,9.75877074176021,20.071512214806837,14.605334245067889,14.095047845403469,20.995127602702922,14.853453690641874,18.18359997009218,10.017177424788521,16.521137250476567,31.18546825673814,1.28561156630868,21.170081370460753,16.752204399452474,21.109264849667156,5.366351063064054,5.927445228286385,9.29697515837108,9.904776581080737,4.2297630093754455,18.174497339647335,18.56881277910698,9.692270599243697,9.554192564618228,17.074723039326127,6.977786301371918
prk,22.173626451202598,19.54044426948382,7.6508587431488415,16.395595049283525,12.732136985549273,16.767787971458244,10.633819430232501,19.870089100201383,13.251762524920721,12.968731078792556,19.444464558437964,9.137037266044764,10.667886589973435,13.544040977433145,4.572978208138647,19.4228659037211,12.608479114383906,18.853115333970614,13.310055159168835,12.270421225478348,21.349515618470463,5.805717721848971,17.78114128554463,3.206755248994162,9.208928959197861,14.767366293305809,14.525511974638022,14.63088241103277,21.025178050982706,22.905593339307195,16.968965052518623,9.459857623041016,12.44072439017933,14.5656953643062,14.103209505409028,19.25702485453797,14.086853373931588,17.20834726267426,17.538174497101064,18.918393563623713,9.352150346645281,29.830652417929958,21.277689002028595,15.494215065197805,14.172022115873789,13.084656345579852,8.270239246814059,6.718123811843898,9.49563211981317,14.755205590010448,19.116598344823355,18.045430013076103,5.550735729937755,10.037065093316084,18.052899934761864,12.67979066727644
rus,19.07754262848428,13.81530626708166,3.7513601933617426,16.619149408759455,23.464564507972604,0.05548133659767715,18.053177527078617,15.354953872751537,3.8142487496869597,15.442219784158596,8.496853745395724,11.44332472325551,16.00948275929005,15.239287243987972,8.989069491440155,15.254513629487251,2.3716815241020277,6.239033469485047,18.220870353112282,16.36136154092512,23.22857876829122,20.840308619603213,10.633948451003059,17.911221002870807,0.2848017220117655,6.456178607920745,12.991134360244219,10.564645826524178,20.13143588860639,8.839939642627975,18.64668686412402,0.06703189966743996,18.364759860170825,5.932085231810222,17.15929183169294,20.61647442807167,15.441812021410477,14.535900655916082,6.237708633943996,20.0684060292115,2.299695866255856,0.054231808821804624,30.575498986352713,16.90297586200286,0.3067016363355762,18.573268837135974,0.018857317103714306,15.934037147196584,13.364287939557054,8.909200767838593,6.908463864568325,21.56131334474176,11.430503325559844,13.293584991317287,10.862517242092162,7.7383515062023065
som,23.370901267335995,19.442615698392906,0.5501303455169082,15.56100444295416,12.874120238298994,13.312932219347084,8.483797387416956,21.145274070686927,16.425144822427058,14.476496804027885,19.117836625905145,11.469668059138934,5.893258761110967,10.033370623559769,9.568289971019512,19.210421266379182,9.63582871435111,18.41601087455951,14.47730148381678,12.81193057582086,17.6130525144228,11.134523747047533,12.593578070089997,6.779665338532498,7.811612114291466,16.05083018045891,11.542660680999573,15.804571087874791,19.718443420494108,22.839124887266852,14.80293881194891,11.187783904755204,10.130532417694086,13.093310401589765,10.037970505494878,17.741014530108057,13.03178463085278,17.007763701052063,11.896746255270191,15.419683782667573,12.045215528868226,0.4252156532700768,23.000430671711456,30.259771759895244,15.270094368089582,6.8021663879718055,10.017811060109134,3.460430034552591,13.52353645877464,7.302930849796847,20.589936680218496,18.80531882353776,7.089368313360267,11.562383685316874,19.277903953105827,4.978605913141357
spa,23.190716477963498,18.752435409574066,5.108526498159883,16.763872132755335,13.485739499599308,5.103285727787266,14.810936347140121,20.669726562326733,12.636394000115192,13.017323647456944,20.202242144955957,10.116182499079024,15.971195890291645,16.67172151658311,15.302986182308867,19.63637348702668,9.208534510448908,16.87825821012622,15.684329076384468,17.96425467281363,17.24895986279708,17.139870281009788,7.6547202439538164,11.039418025381364,8.054871193547875,15.666796743319686,14.706936829891257,14.86339805359884,21.277806903464977,22.710926817166293,18.330822565950854,9.64723020950774,17.607325716671745,14.163521264149686,12.988426209309486,20.11431529887193,11.246433387613477,17.35002914310028,7.920273339660887,14.397104041949774,20.77307587430682,0.477636799051674,21.350946767291596,15.014286871804758,30.831605476018147,7.554713703020746,6.320176376011473,7.099816851711922,13.58282650527742,4.879462541924682,18.208687674838284,18.646362340331407,8.810293966741426,7.552531586745253,17.10251588266819,7.005791419491761
sqi,21.282613548869843,18.787605878379157,8.481519096767801,18.207671926177284,14.339597581907936,6.000701214808792,16.801056862577603,19.117285852699574,9.01817934716106,15.649350358935266,19.847202555155715,12.89623557125607,17.630798431279057,17.445406535471722,2.4916964968236717,19.458513618016067,5.990833829376906,14.993313833088218,6.541693639149153,12.306802786008133,19.569744017028874,21.47788077141651,13.046327225354979,18.157250084983406,8.86484897820843,14.081517110405084,12.044212498381372,15.386162891672253,19.92552721129359,22.695422237829522,19.2550124185968,7.460256702955123,19.72705814862451,8.75643170204438,17.915943685510534,19.698956688851506,17.540536047027476,14.372821325468847,11.330567283662331,20.694136505730928,16.91371961129805,0.5549026802925551,21.290180823526484,17.46637480898994,12.153985470965488,30.25745339708496,3.8287790015535053,14.141767817316772,5.959048590495346,7.528901098235274,18.480763792524442,16.95260514851681,9.75054955651139,10.007494000654452,15.208114565078048,8.977685584610331
suz,18.35871971522555,13.975630288157637,3.914683550341579,17.59987004780222,12.167382460229618,0.019744713311884522,17.849100530767085,15.76382206851806,3.8858943045623873,19.51081834681848,15.47438693540189,16.399359687438047,15.838648876354803,17.182080717677373,9.352838905683058,15.653633312585601,4.831054746542176,6.3411933002267356,19.253890549240467,16.289003390562392,23.956553746883703,19.853789113713592,9.524213976621633,16.977809021179706,7.122298582163015,9.873148992527248,13.594311342734555,8.298023871517838,21.49308889998814,15.937495695557333,18.081048195105126,1.49389749633347,18.630408910224876,9.592170964573011,17.53797910843347,20.36521929718761,14.560494671007215,12.751333745863302,16.270126083029023,20.27930407545169,1.9821599957052245,0.054231808821804624,19.704566842505823,17.997946726898594,0.1794430574266565,18.004734453092674,29.373299623932407,14.964009875030163,14.555071948048765,8.992304990484635,17.949835498699436,15.98226852160034,11.532866434970154,15.423394288930053,13.600712861421188,10.692363710599574
swe,21.61582166567695,19.0045901728367,5.672337352601388,17.55903158892235,17.020788782697814,5.650578724724374,16.39767678122644,19.637285706290438,10.591235706111002,14.64458056619514,20.070827023683556,20.77219215562983,18.623167703946123,18.13120061744001,6.433039157238666,19.389260690878682,7.942217874611153,15.606285313595187,12.95251658694911,18.855338882558105,20.886794326043027,20.22397501319094,8.513490361429383,16.423712038348796,8.40855486543238,14.557426896313745,15.836656194985272,15.560786984015316,20.523060011369722,23.143000000198974,19.579599814096944,6.784128318989454,19.353465442099033,10.018417989136697,15.588531791797067,20.837295941424106,18.177779628347785,22.78791800509584,9.786589280649663,17.809851989140544,17.056044663996808,0.48672392999797864,22.15261838074694,16.570053841493664,16.219193695310604,12.830754715841067,3.9013902751804643,30.384650091148956,5.60705020473265,3.411254203923296,19.211000056172402,18.60898322318453,9.288739754497474,9.738708075844803,14.617769339200926,8.65053539124817
tbz,18.448650382265434,17.449303221733018,15.31667862674654,18.37541620124861,17.782689740626292,1.5876534302514917,18.111373180183104,17.732872965053424,10.030923504377482,14.05213486108565,17.869281999644954,16.664022296779155,14.840939804695658,17.01495159518034,4.561157292342919,19.00805962480594,3.586522683771954,13.485038304618172,6.452753993242435,16.917115623705538,21.2413466177156,20.984293978939387,12.555743019250293,17.620237199880243,0.48011281904054676,11.45993960791165,11.075265030188937,15.22806712534172,19.79729831325271,21.25284133601449,19.98020453035165,2.030561066987689,19.829951178236545,4.53468430308093,17.981943547737078,20.14274959507341,16.102630622660108,16.8160421786816,4.747499977456668,21.177179631074573,13.024770506203573,0.019161829728258736,19.35563114172347,17.37926723119196,7.805634795874498,17.478720288776582,1.3551768050275954,15.863990057399393,27.60363229189222,8.764796372609826,16.819075972482462,15.890928440841698,10.54711221186939,9.628550466013778,12.895021693360128,7.933890790283462
tih,23.266541512829612,19.432750609535283,5.64379017406005,15.380404854796122,9.196445524441733,14.380656216208493,14.746558591071881,20.486295730858636,15.024017885556193,13.54262505357912,19.016758209462736,14.453996372729785,11.025149120009354,19.1674030907326,10.474050133420317,20.026709233802016,5.975295113049692,17.0180738971977,9.712376045524737,17.4818446625536,19.285489218901965,21.288391255617796,13.515082874819525,14.172315219052212,8.688628208228506,20.724928898563928,13.561232850725183,7.653327200769894,21.0507847510181,22.507997839713433,7.869454535449794,14.943999058516223,12.52490982069207,10.745470441048665,13.926778972629702,10.58656054727421,14.96003695359936,16.711986118160272,16.396309891081863,15.528532660045036,18.308181524404148,2.0265917532885296,21.179802851509063,10.925236928601684,17.029289252021375,7.402910050755188,9.66772903830365,2.3306440951687413,14.326580196082366,33.258214081378334,20.199548758354943,18.39725051451721,9.486344415231088,8.25469795917733,17.54992937227212,12.946955451782385
ttr,18.772003616783532,13.432243819307912,3.76556016856408,15.478292438719249,19.009540574789536,0.03129331849044734,18.20332924951533,14.998054279419826,3.6227536610576205,15.565665410992269,19.54216166156895,12.853422659727109,15.97371984004911,14.855015097130028,9.000336971842435,13.964625311610291,2.493469560515308,5.742302847414249,17.73333960656118,16.525818172803,23.091703449633076,20.615511592802587,11.005665515112115,17.680923952786713,0.36512756050122114,6.478771658318136,14.062662139341617,9.149113626934195,19.74531800103253,15.580514924921104,19.02769518068505,0.3567112910038548,18.233520229788088,7.557599708787705,16.8298302406409,20.331851166532662,15.524983561559585,14.327942692595286,8.704690219942638,19.755963884206892,1.8875898795431083,0.05152931499582461,17.90908990924242,16.5221680372768,0.5064425806417969,18.66133698250924,0.05152910467824312,15.734735597296403,12.728598661047851,9.804511103326227,29.32481388524893,14.636714303200767,11.233429026712729,12.990946860100195,10.43641296727505,9.216296645936911
ukr,19.09429176676963,13.677704869587561,4.064148683537249,16.90436564133697,23.02705168432082,0.023143672423298473,18.14388451367181,15.386369821393536,3.796571219222545,16.143883970523216,17.267953910385508,13.76970306117401,16.347447906405005,15.29170768515474,8.872873189932665,14.599913259214206,2.658771854469716,5.889132281867279,18.384501018373353,16.41108117619756,23.159144897855125,20.709315725589185,9.995461851156428,17.823801299469487,0.20689351652145838,5.737190050946555,13.477955446741907,9.532242956511027,20.325988218722213,9.456290370190656,18.37237442370957,0.042425321260515216,18.44617174965787,6.120295358110072,17.368646777559462,20.506401096033972,15.777404354604208,14.052258810856037,9.594957293133412,19.963850384897086,1.9788644722850839,0.054231808821804624,22.806455135282157,16.78385262395417,0.03515494866189267,18.784074032689638,0.054231808821804624,15.484271336123856,14.529436685913483,10.573566969178016,9.821466404812405,27.341212952460918,11.23798483219338,13.314265859332247,10.678471535163066,8.969102036414265
vie,17.779525224410804,17.66367155117477,12.944733587821178,18.199719370820706,19.070962132275515,0.9639145399069821,16.70887862029562,17.99852216606738,9.207349788248061,12.423538985350024,18.581176679232005,8.692694716973286,12.036627119313144,17.62748564323592,2.4424854489800643,19.435523009076196,3.9275497392091565,13.132580468628296,17.956537416441236,18.56613787127324,19.68867940674365,19.763004807996605,8.25963831713905,17.619751258943822,2.115943569439143,13.919770707824815,17.024845984251673,14.973815594190807,20.5948791753142,22.14883372923973,19.597779782766235,1.5689257426410856,20.219876915515496,11.082614985581685,18.242728888643303,21.717055664777725,15.900939717717028,16.965225735440377,2.6194622566174965,20.321893560179824,16.088159553496943,0.09560683707947228,20.364104987868544,16.48684427984817,9.99771290969057,16.71475990527389,0.8371877228121405,11.538471029810522,2.918924738015603,9.069592673394594,17.722146972351034,16.382542934974545,30.299161778921828,12.27359658695216,16.993771895341634,5.35919805173848
wlx,22.774502590027517,19.278563415466945,1.6918521275777354,16.389641991987762,14.938777957780955,13.608361789500595,14.944515881351355,20.654445282397855,14.526647980578774,12.95839734212364,20.185499207051716,13.881570841554524,8.40117746282158,17.91497060861218,6.250141549584851,19.82463748701463,8.569585988473277,15.86796328496049,7.438556006830263,19.12723535730606,21.281622165576003,22.24739738398816,14.250460737032586,10.67165480108297,11.934505463994016,16.32035964321926,11.061455940315245,9.360847954862827,20.604065846896642,22.986907139860772,9.781935107272213,14.189448864730211,12.166758116490831,9.752116215588016,15.055372752410051,9.415074883237414,15.486489404907038,18.23335639191985,17.247980696321825,17.11606855577001,18.27783366443718,0.4069642900759278,21.818117663779432,11.507462819443765,15.331516528000435,7.469768563877902,6.972840033830064,5.672389942473044,14.37386425766901,6.213034454540592,17.667945232070956,19.184911880291647,9.847432282497309,28.807493368265106,17.556616440160973,10.764510886289282
yue,18.20476273295757,14.37979716971009,4.385847258757194,17.605976099239395,14.154524017400394,0.054231808821804624,17.926274761788484,18.05515962327428,15.781097596813407,18.111190335650548,15.672504128187272,17.101885553110634,16.243068014760393,16.99341772444552,9.361398840170857,17.639777215562393,1.7699637854447277,5.583214631567833,19.31864232493946,15.355941692158323,23.71805689767596,20.054909025812567,9.492269921585907,17.236216329649242,6.214390531930723,13.3654448870416,13.892912963746342,8.809882375603747,22.416250392201164,16.021387117130296,17.64387959968337,2.4531890437545836,18.886867413011547,6.76363129203761,17.47625409960069,20.924974637473507,14.884994475714894,13.407260549974968,14.981368121398292,20.350840938469812,1.3436506518194862,0.054231808821804624,19.912421265301163,18.273427351423116,0.054231808821804624,18.227757273126734,0.054231808821804624,14.98787693928624,15.605221899077348,8.682843374714109,17.26560444036925,15.53370059440303,11.44486474746234,15.414706474859798,29.717441060713174,9.094683865741805
zlm,23.22416099094933,18.3499475206759,3.3866626842001195,12.74725757746163,7.52455285038046,8.819223779170219,7.747060381040817,19.778696748658017,19.0485410934871,11.823863665499402,15.87972526638497,13.215062776172543,9.00999300669095,13.69446817551838,12.205070232964887,18.032864347614183,7.918741490510565,18.964681911337724,8.18049666647884,14.0344767167735,18.461997413584207,14.04604618244299,13.204702132731255,11.5095560302505,5.80140675067894,29.807163171316454,8.811685873321538,10.128084341324893,20.65102136273754,22.93584036857812,10.133447510022936,9.874796900711809,12.197695766615094,5.6753002604168445,13.197306390936575,9.58072188321494,7.87866471564056,12.043454141085856,12.390433521111616,9.913311022227122,14.861767291280318,2.920505773357446,21.4998131247531,13.069583995688152,15.910381114954603,10.85390694245056,13.439966553830226,5.218842477376008,9.123804598625803,6.473523965736243,19.945197982233694,17.644065485709053,7.340704948838171,6.359626012128078,19.55058959248866,32.345951287550584
